run_id,question_id,experiment_type,benchmark_mode,question,ground_truth,generated_answer,f1_score,faithfulness,answer_relevancy,context_precision,context_recall,evaluation_source,evaluation_fallback_used,latency_ms,item_status,error_message,created_at
MAIN_FINETUNE_QWEN_V1,Q001,FINETUNE,FULL_PIPELINE,JPA là gì và có vai trò như thế nào trong các ứng dụng Java?,"JPA (Java Persistence API) là một đặc tả (specification) quản lý dữ liệu quan hệ trong các ứng dụng Java. Nó cung cấp các interface, annotation và framework ORM giúp đơn giản hóa quá trình tương tác với cơ sở dữ liệu bằng các phương pháp hướng đối tượng.",JPA (Java Persistence API) là một công cụ hỗ trợ quản lý đối tượng (Object-Relational Mapping - ORM) giúp hệ thống giao tiếp giữa cơ sở dữ liệu và hệ thống ứng dụng.,0.4938271604938272,0,0.8322272753086771,0,0,ragas-service:gemini,f,18100,COMPLETED,,2026-07-13 05:41:36.223981
MAIN_FINETUNE_QWEN_V1,Q002,FINETUNE,FULL_PIPELINE,Những lợi ích chính của việc sử dụng ORM là gì?,"Lợi ích của ORM bao gồm: Tăng năng suất (viết ít code hơn do ORM xử lý truy cập dữ liệu tầng thấp), cải thiện khả năng bảo trì (code sạch hơn, tập trung vào logic nghiệp vụ), tăng cường hiệu suất (tối ưu hóa truy cập và đệm dữ liệu), và độc lập với cơ sở dữ liệu (có thể đổi CSDL mà không cần viết lại nhiều code).",ORM (Object-Relational Mapping) giúp chuyển đổi dữ liệu từ cơ sở dữ liệu sang đối tượng lập trình và ngược lại một cách dễ dàng.,0.1894736842105263,0,0.7877434834183469,0,0,ragas-service:gemini,f,7454,COMPLETED,,2026-07-13 05:41:43.731626
MAIN_FINETUNE_QWEN_V1,Q003,FINETUNE,FULL_PIPELINE,Hibernate khác biệt như thế nào trong các framework ORM cho Java?,Hibernate là bản triển khai (implementation) JPA được sử dụng rộng rãi nhất. Nó cung cấp một bộ tính năng phong phú và các tùy chọn tùy chỉnh mở rộng so với các framework khác.,"Hibernate là một công cụ quản lý đối tượng (Object-Relational Mapping - ORM) được viết bằng ngôn ngữ Java. Hibernate giúp chuyển đổi dữ liệu từ cơ sở dữ liệu sang đối tượng Java và ngược lại, đồng thời hỗ trợ việc cập nhật, thêm, xóa các đối tượng trong hệ thống.",0.13953488372093026,0,0.7363520348416125,0,0,ragas-service:gemini,f,9516,COMPLETED,,2026-07-13 05:41:53.256382
MAIN_FINETUNE_QWEN_V1,Q004,FINETUNE,FULL_PIPELINE,EntityManager trong JPA có chức năng gì?,"EntityManager là interface cung cấp các phương thức để lưu trữ (persist), tìm kiếm (find), hợp nhất (merge) và xóa (remove) các thực thể (entities). Nó quản lý vòng đời thực thể, ngữ cảnh bền vững (persistence context), thực thi truy vấn và quản lý giao dịch.",EntityManager là lớp quản lý đối tượng đại diện cho một tập hợp các đối tượng được lưu trữ và cập nhật trên cơ sở phiên giao dịch.,0.2933333333333334,0,0.8026601474935471,0,0,ragas-service:gemini,f,11316,COMPLETED,,2026-07-13 05:42:04.58455
MAIN_FINETUNE_QWEN_V1,Q005,FINETUNE,FULL_PIPELINE,"Trong JPA, annotation @Entity và @Table khác nhau ở điểm nào?","@Entity dùng để đánh dấu một class Java là một thực thể, đại diện cho một bảng trong CSDL. Trong khi đó, @Table cho phép bạn chỉ định rõ tên cụ thể của bảng trong cơ sở dữ liệu mà thực thể đó sẽ ánh xạ tới.",@Entity là annotation dùng để chỉ định một đối tượng trong hệ thống quản lý đối tượng (EntityManager) phải được lưu trữ trên cơ sở vật lý của hệ thống.,0.2857142857142857,0,0.7640863372304517,0,0,ragas-service:gemini,f,11171,COMPLETED,,2026-07-13 05:42:15.77099
MAIN_FINETUNE_QWEN_V1,Q006,FINETUNE,FULL_PIPELINE,Kể tên các annotation định nghĩa mối quan hệ (Relationships) trong JPA.,"Các annotation định nghĩa mối quan hệ trong JPA bao gồm: @ManyToOne (nhiều - một), @OneToMany (một - nhiều), @OneToOne (một - một), và @ManyToMany (nhiều - nhiều).","Trong JPA, annotation định nghĩa mối quan hệ bao gồm:

1. @ManyToOne: Trạng thái này chỉ ra một đối tượng thuộc lớp con có thể liên kết với nhiều đối tượng thuộc lớp cha.

2. @OneToMany: Trạng thái này chỉ ra một đối tượng thuộc lớp con có thể liên kết với nhiều đối tượng thuộc lớp cha.

3. @OneToOne: Trạng thái này chỉ ra một đối tượng thuộc lớp con có duy nhất một đối tượng thuộc lớp cha.

4. @ManyToMany: Trạng thái này chỉ ra hai đối tượng có thể liên kết với nhau nhiều lần.",0.2622950819672131,0,0.8466460240154386,0,0,ragas-service:gemini,f,16247,COMPLETED,,2026-07-13 05:42:32.025966
MAIN_FINETUNE_QWEN_V1,Q007,FINETUNE,FULL_PIPELINE,Spring WebFlux khác biệt gì so với Spring MVC?,"Spring MVC là phương pháp tiếp cận truyền thống để xây dựng ứng dụng web, tổ chức theo kiến trúc Controller-Model-View. Spring WebFlux là phương pháp tiếp cận phản ứng (reactive), không chặn (non-blocking), dựa trên Project Reactor, rất hữu ích cho các kịch bản xử lý luồng dữ liệu và đồng thời cao.","Spring WebFlux là phiên bản mới của Spring Framework, tập trung vào việc xử lý giao tiếp web phản xạ (reactive) và sử dụng Reactive Streams để quản lý chuỗi câu hỏi trả lời.",0.29545454545454547,0,0.7916551318812806,0,0,ragas-service:gemini,f,8414,COMPLETED,,2026-07-13 05:42:40.448474
MAIN_FINETUNE_QWEN_V1,Q008,FINETUNE,FULL_PIPELINE,Tại sao nên sử dụng Spring Boot trong phát triển ứng dụng web?,"Spring Boot đơn giản hóa quá trình tạo ra các ứng dụng độc lập, cấp độ sản xuất. Nó cung cấp phương pháp tiếp cận 'quy ước hơn cấu hình' (convention-over-configuration), giảm thiểu việc thiết lập và các code lặp lại (boilerplate code), giúp phát triển ứng dụng nhanh chóng.","Spring Boot là một công cụ hỗ trợ phát triển nhanh ứng dụng web dựa trên kiến trúc Spring. Nó giúp giảm bớt lượng code cần thiết để cấu hình cơ sở hạ tầng, dễ dàng tạo ra các ứng dụng web đáp ứng yêu cầu của khách hàng.",0.3434343434343435,0,0.7416426786815172,0,0,ragas-service:gemini,f,10586,COMPLETED,,2026-07-13 05:42:51.042273
MAIN_FINETUNE_QWEN_V1,Q009,FINETUNE,FULL_PIPELINE,Thymeleaf là gì và mục tiêu chính của nó là gì?,"Thymeleaf là một template engine phía máy chủ dựa trên Java, có khả năng xử lý HTML, XML, JavaScript, CSS và văn bản thuần túy. Mục tiêu chính của nó là cung cấp một cách tinh tế và dễ bảo trì để tạo các mẫu, cải thiện giao tiếp và thu hẹp khoảng cách giữa đội ngũ thiết kế và phát triển.","Thymeleaf là một công cụ mã nguồn mở để tạo ra các trang web sử dụng HTML5, CSS3 và JavaScript. Tham số cấu hình này giúp cải thiện hiệu suất tải trang, tăng tốc độ phản hồi và tối ưu hóa tài liệu.",0.1904761904761905,0,0.7690231805353709,0,0,ragas-service:gemini,f,14423,COMPLETED,,2026-07-13 05:43:05.478633
MAIN_FINETUNE_QWEN_V1,Q010,FINETUNE,FULL_PIPELINE,Chế độ template HTML và XML trong Thymeleaf khác nhau như thế nào về mặt cú pháp?,"Chế độ HTML cho phép bất kỳ loại đầu vào HTML nào (HTML5, HTML4) mà không kiểm tra tính hợp lệ (well-formedness). Chế độ XML yêu cầu mã phải được định dạng chuẩn (well-formed) – không có thẻ chưa đóng hoặc thuộc tính không có dấu nháy, nếu vi phạm parser sẽ báo lỗi.","Tham số cấu hình của Thymeleaf dùng để định nghĩa cấu trúc cơ sở dữ liệu (database) mà hệ thống sẽ truy xuất, lấy tài liệu học tập.",0.07407407407407407,0,0.6833997954194314,0,0,ragas-service:gemini,f,10778,COMPLETED,,2026-07-13 05:43:16.268588
MAIN_FINETUNE_QWEN_V1,Q011,FINETUNE,FULL_PIPELINE,Nêu cú pháp của các loại biểu thức đơn giản (Simple expressions) trong Thymeleaf.,"Các biểu thức đơn giản trong Thymeleaf bao gồm: Biểu thức biến (Variable Expressions): ${...}, Biểu thức biến chọn (Selection Variable Expressions): *{...}, Biểu thức thông báo (Message Expressions): #{...}, Biểu thức liên kết URL (Link URL Expressions): @{...}, và Biểu thức phân đoạn (Fragment Expressions): ~{...}.","Các loại biểu thức đơn giản (simple expressions) trong Thymeleaf bao gồm:

1. Các toán tử cơ bản:
   - `+`: cộng
   - `-`: trừ
   - `*`: nhân
   - `/`: chia

2. Trạng thái boolean:
   - `true`
   - `false`

3. Trạng thái string:
   - `'string'` (truyền chuỗi)
   - `""string""` (chuyển sang kiểu String)

4. Trạng thái số nguyên:
   - `1`, `0`, `-1`, `2.5`, `null`

5. Trạng thái boolean:
   - `true`
   - `false`

6. Trạng thái null:
   - `null`",0.19417475728155337,0,0.8344462607637855,0,0,ragas-service:gemini,f,185561,COMPLETED,,2026-07-13 05:46:21.829106
MAIN_FINETUNE_QWEN_V1,Q012,FINETUNE,FULL_PIPELINE,Chế độ RAW template trong Thymeleaf được áp dụng trong tình huống nào?,"Chế độ RAW không xử lý mẫu mà được dùng để chèn các tài nguyên nguyên bản (tệp, phản hồi URL, v.v.) vào mẫu đang được xử lý. Nó hữu ích khi bao gồm các tài nguyên bên ngoài không được kiểm soát vào ứng dụng một cách an toàn mà không thực thi bất kỳ mã Thymeleaf nào trong đó.",RAW template là một cấu trúc cơ bản của Thymeleaf dùng để định nghĩa cấu trúc HTML gốc.,0.15189873417721517,0,0.8427478052385943,0,0,ragas-service:gemini,f,7612,COMPLETED,,2026-07-13 05:46:29.453358
MAIN_FINETUNE_QWEN_V1,Q013,FINETUNE,FULL_PIPELINE,Thuật toán (Algorithm) được định nghĩa như thế nào?,"Thuật toán là một chuỗi các chỉ dẫn không mập mờ nhằm giải quyết một vấn đề, tức là để thu được một đầu ra yêu cầu cho bất kỳ đầu vào hợp lệ nào trong một khoảng thời gian hữu hạn.","Thuật toán là một quy trình cụ thể, rõ ràng để giải quyết một vấn đề hoặc thực hiện một tác vụ.",0.28125,0,0.8037882859788431,0,0,ragas-service:gemini,f,8990,COMPLETED,,2026-07-13 05:46:38.449893
MAIN_FINETUNE_QWEN_V1,Q014,FINETUNE,FULL_PIPELINE,"Trong bài toán sắp xếp (Sorting), định dạng của đầu vào và đầu ra là gì?",Đầu vào là một chuỗi n số. Đầu ra là một sự sắp xếp lại của chuỗi đầu vào sao cho mỗi phần tử đứng trước nhỏ hơn hoặc bằng phần tử đứng sau nó.,"Định dạng đầu vào của bài toán sắp xếp thường là một dãy số nguyên được sắp xếp theo thứ tự tăng dần hoặc giảm dần. Trong trường hợp này, chúng ta chỉ cần trả về vị trí cuối cùng của phần tử cần tìm trong dãy số đã sắp xếp.

Định dạng đầu ra thường là một số duy nhất đại diện cho vị trí của phần tử cần tìm trong dãy số đã được sắp xếp.",0.23008849557522126,0,0.7474967320961308,0,0,ragas-service:gemini,f,18680,COMPLETED,,2026-07-13 05:46:57.13485
MAIN_FINETUNE_QWEN_V1,Q015,FINETUNE,FULL_PIPELINE,Tính ổn định (Stability) và tại chỗ (In-place) của một thuật toán sắp xếp khác nhau thế nào?,"Tính ổn định là khả năng giữ nguyên thứ tự tương đối của hai phần tử có giá trị bằng nhau trong đầu vào. Tính tại chỗ (In-place) nghĩa là thuật toán không yêu cầu thêm bộ nhớ phụ, ngoại trừ một vài đơn vị bộ nhớ nhỏ.","Tính ổn định (Stability) là tính chất của thuật toán khi nó giữ nguyên vị trí các phần tử có cùng giá trị nhưng thuộc lớp dữ liệu khác nhau. Trong khi đó, tại chỗ (In-place) nghĩa là thuật toán không cần thêm bộ nhớ ngoài phạm vi lưu trữ ban đầu để thực hiện sắp xếp.",0.4952380952380952,0,0.8631011562308677,0,0,ragas-service:gemini,f,13722,COMPLETED,,2026-07-13 05:47:10.868454
MAIN_FINETUNE_QWEN_V1,Q016,FINETUNE,FULL_PIPELINE,Đồ thị (Graph) là gì?,"Đồ thị G = <V, E> là một tập hợp các điểm gọi là đỉnh (vertices), trong đó một số đỉnh được nối với nhau bằng các đoạn thẳng gọi là cạnh (edges).",Đồ thị là một cấu trúc dữ liệu mô tả mối quan hệ giữa các đối tượng bằng cách liên kết chúng với nhau qua các điểm chéo.,0.30000000000000004,0,0.8322632547925345,0,0,ragas-service:gemini,f,10822,COMPLETED,,2026-07-13 05:47:21.701809
MAIN_FINETUNE_QWEN_V1,Q017,FINETUNE,FULL_PIPELINE,Mảng (Arrays) và Danh sách liên kết (Linked Lists) có những đặc điểm trái ngược nhau nào?,"Mảng có độ dài cố định, lưu trữ ở các vị trí bộ nhớ liên tiếp và cho phép truy cập trực tiếp. Ngược lại, Danh sách liên kết có độ dài động, lưu trữ ở các vị trí bộ nhớ tùy ý và phải truy cập bằng cách đi theo các liên kết (con trỏ).","Mảng (Array) và danh sách liên kết (LinkedList) đều là cấu trúc dữ liệu lưu trữ tập hợp các phần tử, nhưng chúng có một số đặc điểm khác biệt:

1. Trạng thái truy xuất:
   - Mảng: Truy xuất nhanh chóng bằng chỉ mục thứ tự.
   - LinkedList: Truy xuất chậm hơn vì cần duyệt qua toàn bộ danh sách.

2. Trạng thái cập nhật:
   - Mảng: Cập nhật giá trị dễ dàng bằng chỉ mục.
   - LinkedList: Cần thay đổi cấu trúc liên kết để cập nhật giá trị, mất thời gian hơn.

3. Trạng thái tìm kiếm:
   - Mảng: Tìm kiếm nhanh chóng bằng chỉ mục.
   - LinkedList: Tìm kiếm chậm hơn vì cần duyệt qua toàn bộ danh sách.

4. Trạng thái tăng giảm:
   - Mảng: Cân nhắc việc thay đổi kích thước khi thêm hoặc xóa phần tử.
   - LinkedList: Không giới hạn kích thước, dễ dàng thêm hoặc xóa phần tử mà không cần thay đổi cấu trúc.

5. Trạng thái cập nhật liên kết:
   - Mảng: Cập nhật giá trị bằng chỉ mục.
   - LinkedList: Cập nhật giá trị bằng cách di chuyển các phần tử liên tiếp.",0.13333333333333333,0,0.8107816605339154,0,0,ragas-service:gemini,f,31555,COMPLETED,,2026-07-13 05:47:53.263586
MAIN_FINETUNE_QWEN_V1,Q018,FINETUNE,FULL_PIPELINE,Sự khác biệt về cơ chế thêm và xóa phần tử giữa Ngăn xếp (Stack) và Hàng đợi (Queue)?,"Ngăn xếp hoạt động theo cơ chế LIFO (Vào sau ra trước), việc thêm và xóa chỉ được thực hiện ở đỉnh (top). Hàng đợi hoạt động theo cơ chế FIFO (Vào trước ra trước), thêm vào ở cuối (rear) và xóa ở đầu (front).","Trong toán học, Stack là cấu trúc dữ liệu lưu trữ các giá trị theo lối FIFO (First In First Out), tức là hàng đầu tiên vào sẽ được lấy ra trước. Trái lại, Queue là cấu trúc dữ liệu lưu trữ các giá trị theo lối FILO (Last In First Out), nghĩa là hàng cuối cùng vào sẽ được lấy ra trước.",0.16666666666666666,0,0.7402410571506337,0,0,ragas-service:gemini,f,11977,COMPLETED,,2026-07-13 05:48:05.251643
MAIN_FINETUNE_QWEN_V1,Q019,FINETUNE,FULL_PIPELINE,Cây (Tree) và Rừng (Forest) khác biệt như thế nào?,"Cây là một đồ thị vô hướng, liên thông và không có chu trình (acyclic). Rừng là một đồ thị không có chu trình, nhưng không bắt buộc phải liên thông.","Cây và rừng là hai cấu trúc sinh thái cơ bản trong hệ sinh thái tự nhiên. Cây là tập hợp các cành, rễ và lá kết nối thành một khối thống nhất, tạo nên sự phân chia rõ rệt giữa đất liền và không gian khí quyển. Trái lại, rừng là tập hợp cây lớn với mật độ dày đặc, cấu trúc phức tạp hơn, bao gồm cả hệ thống rãnh nước tự nhiên, hệ thống cành lá mọc dọc theo các hướng, tạo nên một môi trường sống đa dạng sinh học phức tạp.",0.11023622047244094,0,0.8091270181134744,0,0,ragas-service:gemini,f,14293,COMPLETED,,2026-07-13 05:48:19.554949
MAIN_FINETUNE_QWEN_V1,Q020,FINETUNE,FULL_PIPELINE,"Ký hiệu Big-O, Big-Omega và Big-Theta đại diện cho các tập hợp hàm nào?",Big-O (O) là tập hợp các hàm tăng không nhanh hơn g(n). Big-Omega (Ω) là tập hợp các hàm tăng ít nhất bằng mức của g(n). Big-Theta (Θ) là tập hợp các hàm tăng cùng tốc độ với g(n).,Big-O đại diện cho tập hợp hàm đồng thời tăng đến cùng nhau với n.,0.2692307692307693,0,0.757265615813671,0,0,ragas-service:gemini,f,8328,COMPLETED,,2026-07-13 05:48:27.892095
MAIN_FINETUNE_QWEN_V1,Q021,FINETUNE,FULL_PIPELINE,Kế hoạch chung để phân tích hiệu quả thời gian của một thuật toán không đệ quy gồm những bước nào?,"Các bước bao gồm: (1) Xác định tham số chỉ kích thước đầu vào n; (2) Xác định phép toán cơ bản; (3) Kiểm tra xem số lần thực thi có phụ thuộc vào các đầu vào khác nhau cùng kích thước không (để tính worst, average, best case); (4) Thiết lập tổng số lần phép toán cơ bản được thực thi; (5) Đơn giản hóa tổng bằng các công thức và quy tắc chuẩn.",Bước 1: Tính toán độ phức tạp thời gian (time complexity) của thuật toán.,0.0898876404494382,0,0.6985242860497388,0,0,ragas-service:gemini,f,9897,COMPLETED,,2026-07-13 05:48:37.802119
MAIN_FINETUNE_QWEN_V1,Q022,FINETUNE,FULL_PIPELINE,Trường hợp xấu nhất (Worst-case) và Trường hợp trung bình (Average-case) khác nhau thế nào?,"Trường hợp xấu nhất là thời gian tối đa thuật toán thực thi trên các đầu vào có kích thước n. Trường hợp trung bình là số lần thực thi kỳ vọng của phép toán cơ bản (như một biến ngẫu nhiên) trên các đầu vào điển hình có kích thước n, chứ không phải là trung bình cộng của trường hợp tốt nhất và xấu nhất.","Trường hợp xấu nhất (Worst-case) xảy ra khi dữ liệu đầu vào tối đa được xử lý trong quá trình tìm kiếm hoặc phân loại. Trong trường hợp này, thuật toán cần phải đối mặt với mức độ phức tạp lớn nhất có thể.

Trường hợp trung bình (Average-case) là mức độ phức tạp trung gian giữa việc tối ưu và trường hợp xấu nhất. Trong trường hợp này, thuật toán sẽ xử lý dữ liệu một cách hiệu quả hơn nhưng vẫn không tránh khỏi những rủi ro gặp phải các trường hợp đặc biệt khó khăn.",0.24242424242424243,0,0.8127864339334868,0,0,ragas-service:gemini,f,14798,COMPLETED,,2026-07-13 05:48:52.607131
MAIN_FINETUNE_QWEN_V1,Q023,FINETUNE,FULL_PIPELINE,Phép toán cơ bản (Basic operation) của một thuật toán là gì?,Phép toán cơ bản là phép toán đóng góp nhiều nhất vào tổng thời gian chạy của một thuật toán.,Phép toán cơ bản (Basic operation) là các phép tính đơn giản nhất mà thuật toán cần thực hiện để đạt được kết quả.,0.31818181818181823,0,0.7848903477779241,0,0,ragas-service:gemini,f,8412,COMPLETED,,2026-07-13 05:49:01.026948
MAIN_FINETUNE_QWEN_V1,Q024,FINETUNE,FULL_PIPELINE,Khi nào thì áp dụng Master Theorem (Định lý thợ) và công thức của nó là gì?,"Master Theorem được dùng để giải các phương trình đệ quy có dạng giảm đi một hệ số không đổi, cụ thể là phương trình dạng T(n) = aT(n/b) + f(n), trong đó f(n) ∈ Θ(n^k) với k>=0.","Master Theorem thường được áp dụng khi bài toán phân tích có độ phức tạp thời gian là O(n^k log^n n), với k là hệ số chính trong thuật toán.",0.2769230769230769,0,0.80200658088319,0,0,ragas-service:gemini,f,9637,COMPLETED,,2026-07-13 05:49:10.671151
MAIN_FINETUNE_QWEN_V1,Q025,FINETUNE,FULL_PIPELINE,Smoothness Rule (Quy tắc độ mượt) phát biểu điều gì?,"Quy tắc độ mượt phát biểu rằng nếu T(n) là một hàm không giảm và f(n) là một hàm mượt (như logn, n, nlogn), nếu T(n) ∈ Θ(f(n)) với các giá trị của n là lũy thừa của b (b>=2), thì T(n) ∈ Θ(f(n)) với mọi n.",Quy tắc Smoothness Rule mô tả một số nguyên tắc cơ bản để xác định độ mượt mà của đồ thị hàm số.,0.2058823529411765,0,0.8515402486821945,0,0,ragas-service:gemini,f,7297,COMPLETED,,2026-07-13 05:49:17.975803
MAIN_FINETUNE_QWEN_V1,Q026,FINETUNE,FULL_PIPELINE,Brute Force (Vét cạn) trong thiết kế thuật toán là gì?,"Brute Force là một cách tiếp cận trực tiếp và thẳng thắn để giải quyết vấn đề, thường dựa trực tiếp vào phát biểu của bài toán và các định nghĩa của các khái niệm liên quan.",Brute Force (Vét cạn) là phương pháp giải quyết bài toán bằng cách thử tất cả các kết quả có thể cho đến khi tìm ra đáp án đúng.,0.27272727272727276,0,0.7911995490727698,0,0,ragas-service:gemini,f,10326,COMPLETED,,2026-07-13 05:49:28.306857
MAIN_FINETUNE_QWEN_V1,Q027,FINETUNE,FULL_PIPELINE,Phương pháp Brute Force có những điểm mạnh và điểm yếu nào?,"Điểm mạnh: Ứng dụng rộng rãi, đơn giản, tạo ra thuật toán hợp lý cho một số bài toán quan trọng (như nhân ma trận, sắp xếp, tìm kiếm). Điểm yếu: Hiếm khi tạo ra các thuật toán tối ưu, một số thuật toán Brute Force chậm ở mức không thể chấp nhận được, và nó không mang tính xây dựng như các kỹ thuật thiết kế khác.","Brute Force là một phương pháp kiểm tra toàn bộ các khóa mật khẩu trong khoảng thời gian ngắn nhất có thể. Điểm mạnh của phương pháp này là:

1. Tốc độ nhanh, thường chỉ mất vài giây để thử hết tất cả các tài liệu học tập.
2. Không yêu cầu kiến thức chuyên môn sâu.

Tuy nhiên, điểm yếu chính là:

1. Khả năng bị hack rất cao, dễ bị crack thành công nếu mật khẩu dài hoặc phức tạp.
2. Tốn kém chi phí và thời gian khi cần thử hết tất cả các tài liệu học tập.",0.1301775147928994,0,0.8636352947706182,0,0,ragas-service:gemini,f,36659,COMPLETED,,2026-07-13 05:50:04.969287
MAIN_FINETUNE_QWEN_V1,Q028,FINETUNE,FULL_PIPELINE,Thuật toán sắp xếp chọn (Selection Sort) sử dụng phương pháp Brute Force như thế nào?,"Nó quét toàn bộ mảng để tìm phần tử nhỏ nhất và hoán đổi nó với phần tử đầu tiên. Sau đó, bắt đầu từ phần tử thứ hai, quét các phần tử bên phải để tìm phần tử nhỏ nhất trong số đó và hoán đổi nó với phần tử thứ hai, tiếp tục lặp lại quá trình này.","Thuật toán Selection Sort sử dụng phương pháp brute force để tìm vị trí của phần tử lớn nhất trong mảng và thay đổi vị trí của nó với phần tử đầu tiên. Trong mỗi bước, thuật toán sẽ duyệt qua toàn bộ mảng và tìm ra giá trị lớn nhất, sau đó thay đổi vị trí của nó so với phần tử đầu tiên.",0.27199999999999996,0,0.7567934481856652,0,0,ragas-service:gemini,f,10702,COMPLETED,,2026-07-13 05:50:15.677019
MAIN_FINETUNE_QWEN_V1,Q029,FINETUNE,FULL_PIPELINE,Độ phức tạp thời gian trong trường hợp xấu nhất của thuật toán Brute-Force String Matching là bao nhiêu?,"Độ phức tạp thời gian trong trường hợp xấu nhất là O(mn) số lần so sánh, với n là độ dài của văn bản và m là độ dài của mẫu (pattern) cần tìm.","Độ phức tạp thời gian tối đa của thuật toán Brute-force string matching là O(n * m), nơi n là độ dài chuỗi văn bản chính và m là độ dài chuỗi văn bản cần tìm kiếm.",0.42857142857142855,0,0.8444106118039961,0,0,ragas-service:gemini,f,8137,COMPLETED,,2026-07-13 05:50:23.823696
MAIN_FINETUNE_QWEN_V1,Q030,FINETUNE,FULL_PIPELINE,Exhaustive Search (Tìm kiếm cạn kiệt) là gì?,"Exhaustive Search là giải pháp Brute Force cho một bài toán liên quan đến việc tìm kiếm một phần tử có đặc tính đặc biệt, thường nằm trong các đối tượng tổ hợp như hoán vị, tổ hợp hoặc tập con của một tập hợp.","Trong toán học, Exhaustive Search (tìm kiếm cạn kiệt) là phương pháp tìm kiếm tối ưu hóa sử dụng thuật toán brute-force để kiểm tra tất cả các trường hợp có thể.",0.2857142857142857,0,0.8071000459381836,0,0,ragas-service:gemini,f,10006,COMPLETED,,2026-07-13 05:50:33.839933
MAIN_FINETUNE_QWEN_V1,Q031,FINETUNE,FULL_PIPELINE,Mục tiêu của bài toán Người chào hàng (Traveling Salesman Problem - TSP) là gì?,"Cho n thành phố với khoảng cách giữa mỗi cặp đã biết, bài toán yêu cầu tìm một chuyến đi ngắn nhất đi qua tất cả các thành phố đúng một lần trước khi quay trở lại thành phố xuất phát (tìm chu trình Hamilton ngắn nhất).","Trước hết, chúng ta cần hiểu rõ mục tiêu của bài toán Traveling Salesman Problem (TSP):

1. Mục tiêu chính: Tìm kiếm một lộ trình đi lại ngắn nhất để thăm tất cả các điểm mục tiêu.

2. Trạng thái tối ưu:
   - TSP là bài toán NP-hard nên không có phương pháp giải quyết hoàn toàn.
   - Khi số điểm mục tiêu tăng lên, thời gian giải quyết càng dài và độ phức tạp càng cao.

3. Các vấn đề liên quan:
   - Độ phức tạp: TSP là bài toán NP-hard, khó tính toán tối ưu.
   - Trạng thái tối ưu: Lộ trình ngắn nhất không nhất thiết phải đi qua tất cả các điểm mục tiêu.
   - Kỹ thuật giải quyết: Bắt đầu từ điểm gốc, chọn điểm tiếp theo gần nhất và cập nhật danh sách điểm đã thăm.",0.17391304347826086,0,0.7898842295734806,0,0,ragas-service:gemini,f,21379,COMPLETED,,2026-07-13 05:50:55.224131
MAIN_FINETUNE_QWEN_V1,Q032,FINETUNE,FULL_PIPELINE,"Theo V.I.Lênin, vật chất được định nghĩa như thế nào?","Vật chất là phạm trù triết học dùng để chỉ thực tại khách quan được đem lại cho con người trong cảm giác, được cảm giác của chúng ta chép lại, chụp lại, phản ánh và tồn tại không lệ thuộc vào cảm giác.",Vật chất là tất cả những gì có thể nhận biết và đo lường được qua các giác quan của con người.,0.30303030303030304,0,0.75236976019037,0,0,ragas-service:gemini,f,8445,COMPLETED,,2026-07-13 05:51:03.678219
MAIN_FINETUNE_QWEN_V1,Q033,FINETUNE,FULL_PIPELINE,Định nghĩa vật chất của Lênin giải quyết mối quan hệ giữa vật chất và ý thức như thế nào?,"Theo Lênin, vật chất là nền tảng, là nguồn gốc của ý thức (vật chất có trước, ý thức có sau). Đồng thời, con người nhận thức được thế giới vật chất bằng cách 'chép lại, chụp lại, phản ánh' thế giới khách quan đó.","Lênin đã phân tích rõ ràng mối quan hệ giữa vật chất và ý thức qua hai khái niệm cơ bản: ""cơ sở vật chất"" và ""đối tượng vận động"".",0.16,0,0.7925874637804583,0,0,ragas-service:gemini,f,50438,COMPLETED,,2026-07-13 05:51:54.124139
MAIN_FINETUNE_QWEN_V1,Q034,FINETUNE,FULL_PIPELINE,Chủ nghĩa duy vật chất phác thời cổ đại quan niệm vật chất là gì?,"Chủ nghĩa duy vật chất phác thời cổ đại quan niệm vật chất đồng nhất với những dạng cụ thể của vật chất hoặc nguyên tử, mang tính trực quan và cảm tính.","Chủ nghĩa duy vật chất phác thời cổ đại quan niệm vật chất là tất cả các hiện tượng vật lý học, sinh học và thể chất của thế giới thực.",0.4375,0,0.8591180335796871,0,0,ragas-service:gemini,f,6797,COMPLETED,,2026-07-13 05:52:00.932957
MAIN_FINETUNE_QWEN_V1,Q035,FINETUNE,FULL_PIPELINE,Ăngghen định nghĩa vận động như thế nào?,"Vận động là một phương thức tồn tại của vật chất, là một thuộc tính cố hữu của vật chất, bao gồm tất cả mọi sự thay đổi và mọi quá trình diễn ra trong vũ trụ kể từ sự thay đổi vị trí đơn giản cho đến tư duy.",Ăngghen định nghĩa vận động là sự chuyển di của một vật từ vị trí cũ sang vị trí mới trong một khoảng thời gian nhất định.,0.2857142857142857,0,0.8654014296850748,0,0,ragas-service:gemini,f,6806,COMPLETED,,2026-07-13 05:52:07.745718
MAIN_FINETUNE_QWEN_V1,Q036,FINETUNE,FULL_PIPELINE,Nêu 5 hình thức vận động cơ bản của vật chất và mối quan hệ giữa chúng.,"5 hình thức vận động là: Cơ học, Vật lý, Hóa học, Sinh học, Xã hội. Mỗi hình thức tương ứng với một trình độ nhất định của vật chất; hình thức cao nảy sinh dựa trên hình thức thấp và bao hàm hình thức thấp hơn, nhưng khác về chất so với hình thức thấp.","1. Tốc độ di chuyển (điều kiện vật chất di chuyển)
2. Tốc độ dịch chuyển (điều kiện vật chất không đổi)
3. Tốc độ chuyển động (điều kiện vật chất không đổi)
4. Tốc độ vận tốc (điều kiện vật chất không đổi)
5. Tốc độ vận tốc (điều kiện vật chất di chuyển)",0.1081081081081081,0,0.6677342407691192,0,0,ragas-service:gemini,f,17747,COMPLETED,,2026-07-13 05:52:25.500302
MAIN_FINETUNE_QWEN_V1,Q037,FINETUNE,FULL_PIPELINE,Vì sao đứng im không phải là trạng thái tuyệt đối của vật chất?,"Vì đứng im chỉ là một biểu hiện của vận động - đó là trạng thái vận động trong sự thăng bằng, ổn định tương đối. Do đó đứng im chỉ mang tính chất tương đối và tạm thời.","Trạng thái ""đứng im"" chỉ diễn đạt một trạng thái cụ thể về vị trí và vận tốc của vật chất. Trạng thái này không phải là trạng thái tuyệt đối vì nó phụ thuộc vào hệ thống lực tác động lên vật chất, điều kiện môi trường xung quanh và các yếu tố khác.",0.30107526881720426,0,0.8462044988581788,0,0,ragas-service:gemini,f,11284,COMPLETED,,2026-07-13 05:52:36.794263
MAIN_FINETUNE_QWEN_V1,Q038,FINETUNE,FULL_PIPELINE,Không gian và thời gian có những tính chất gì theo Triết học Mác - Lênin?,"Không gian (quảng tính, 3 chiều) và thời gian (diễn biến, 1 chiều) là hình thức tồn tại, thuộc tính cố hữu của vật chất. Chúng không tách rời nhau, và đều mang tính vô tận.","Triết học Mác - Lênin nhấn mạnh rằng không gian và thời gian đều là biểu hiện của chủ nghĩa thực dụng, do đó chúng không tồn tại độc lập mà phụ thuộc vào con người.",0.3098591549295775,0,0.7958795157901505,0,0,ragas-service:gemini,f,11849,COMPLETED,,2026-07-13 05:52:48.650184
MAIN_FINETUNE_QWEN_V1,Q039,FINETUNE,FULL_PIPELINE,Ba tiền đề lý luận (nguồn gốc lý luận trực tiếp) hình thành nên triết học Mác là gì?,"Ba tiền đề lý luận bao gồm: Triết học Cổ điển Đức, Kinh tế chính trị cổ điển Anh, và Chủ nghĩa xã hội không tưởng Pháp.","Ba tiền đề lý luận chính thức của Mác bao gồm:

1. Triết học Hegel: Trong tác phẩm ""Phương pháp tư duy"" năm 1807, Hegel đã phân tích cấu trúc hệ thống triết học cổ đại và xác định ra 5 nguyên tắc cơ bản:
   - Tự nhiên (nature)
   - Nhân loại (humanity)
   - Đạo đức (morality)
   - Kinh nghiệm (experience)
   - Tri thức (knowledge)

2. Lý thuyết lịch sử: Mác tiếp thu và phát triển lý thuyết lịch sử của Hegel, nhấn mạnh vai trò lịch sử quan trọng trong quá trình tiến hóa xã hội.

3. Triết học Marx: Mác tiếp cận triết học Marx để hiểu rõ cách thức vận hành cơ chế kinh tế thị trường tự do (capitalism) và hệ thống tài sản tư nhân.",0.23684210526315788,0,0.7615874241319135,0,0,ragas-service:gemini,f,28358,COMPLETED,,2026-07-13 05:53:17.015986
MAIN_FINETUNE_QWEN_V1,Q040,FINETUNE,FULL_PIPELINE,Ba phát minh khoa học nào ở thế kỷ 19 là tiền đề khoa học cho sự ra đời của triết học Mác?,"Đó là: Định luật bảo toàn và chuyển hóa năng lượng, Thuyết tế bào, và Thuyết tiến hóa.","Ba phát minh quan trọng nhất của thế kỷ 19 bao gồm:

1. Máy điện thoại di động (1876)
2. Điện thoại giao tiếp (1876)
3. Máy tính toán máy (1885)

Những phát minh này đã tạo nền tảng cho sự phát triển của lý thuyết Mác, đặc biệt là lý thuyết lịch sử và lý thuyết xã hội.",0.07792207792207792,0,0.707781786570771,0,0,ragas-service:gemini,f,19972,COMPLETED,,2026-07-13 05:53:36.997136
MAIN_FINETUNE_QWEN_V1,Q041,FINETUNE,FULL_PIPELINE,Trình bày những điểm cốt lõi trong thực chất cuộc cách mạng triết học do Mác và Ăngghen thực hiện.,"Mác và Ăngghen đã tạo ra Chủ nghĩa duy vật biện chứng (thống nhất chủ nghĩa duy vật và phép biện chứng), tạo nên Chủ nghĩa duy vật lịch sử (mở rộng duy vật biện chứng từ tự nhiên sang xã hội), và tạo ra sự thống nhất giữa lý luận và thực tiễn (đây là nguyên tắc tối cao của triết học Mác).","Mác và Ăngghen đã tiến hành một cuộc cách mạng triết học lớn, đưa ra những quan điểm cơ bản về lý thuyết lịch sử, xã hội và con người. Trong đó:

1. Mác nhấn mạnh sự phát triển của xã hội là quá trình tiến hóa tự nhiên, không có ý nghĩa nhân tạo nào.

2. Ăngghen tiếp thu triết học Hegel nhưng chỉ trích những điểm yếu của hệ thống này, đặc biệt là việc coi trọng quan điểm chủ quan cá nhân.

3. Mác và Ăngghen nhấn mạnh vai trò quyết định của con người trong quá trình lịch sử, coi họ là động lực chính thúc đẩy sự tiến hóa xã hội.

4. Trong lý thuyết lịch sử của Mác, con người không chỉ là đối tượng nghiên cứu mà còn là tác nhân tạo ra lịch sử.

5. Ăngghen tiếp thu triết học Hegel nhưng chỉ trích những điểm yếu của hệ thống này, đặc biệt là việc coi trọng quan điểm chủ quan cá nhân.

6. Trong lý thuyết xã hội của Mác, con người không chỉ là đối tượng nghiên cứu mà còn là tác nhân tạo ra lịch sử.

7. Trong lý thuyết con người của Mác và Ăngghen, con người không chỉ là đối tượng nghiên cứu mà còn là tác nhân tạo ra lịch sử.

8. Mác và Ăngghen nhấn mạnh vai trò quyết định của con người trong quá trình lịch sử, coi họ là động lực chính thúc đẩy sự tiến hóa xã hội.

9. Trong lý thuyết lịch sử của Mác, con người không chỉ là đối tượng nghiên cứu mà còn là tác nhân tạo ra lịch sử.

10. Trong lý thuyết xã hội của Mác, con người không chỉ là đối tượng nghiên cứu mà còn là tác nhân tạo ra lịch sử.",0.1129032258064516,0,0.6965130277500303,0,0,ragas-service:gemini,f,35720,COMPLETED,,2026-07-13 05:54:12.724837
MAIN_FINETUNE_QWEN_V1,Q042,FINETUNE,FULL_PIPELINE,V.I. Lênin có những đóng góp nào trong việc bảo vệ và phát triển triết học Mác?,"Trong hoàn cảnh CNTB chuyển sang độc quyền và khoa học tự nhiên khủng hoảng, Lênin đã bảo vệ, bổ sung và hoàn thiện triết học Mác; chuẩn bị và lãnh đạo cách mạng vô sản thành công (Cách mạng tháng Mười Nga); và phát triển triết học Mác trong giai đoạn xây dựng chủ nghĩa xã hội.","Lênin đã tiếp tục nghiên cứu và phát triển triết học của Mác, đặc biệt là lý thuyết lịch sử và lý luận xã hội chủ nghĩa.",0.2823529411764706,0,0.7805286348158171,0,0,ragas-service:gemini,f,13663,COMPLETED,,2026-07-13 05:54:26.394166
MAIN_FINETUNE_QWEN_V1,Q043,FINETUNE,FULL_PIPELINE,Tại sao sự thống nhất giữa lý luận và thực tiễn được xem là nguyên tắc tối cao của triết học Mác?,Bởi vì nó gắn kết triết học với cuộc đấu tranh giải phóng giai cấp vô sản. Triết học không chỉ dùng để giải thích thế giới mà còn là vũ khí lý luận cải tạo thế giới thông qua thực tiễn cách mạng.,"Sự thống nhất giữa lý luận và thực tiễn là quan điểm nền tảng của triết học Mác, nhằm mục đích giúp con người hiểu rõ bản chất xã hội và cách thức tiến bộ xã hội.",0.19753086419753088,0,0.7599606927018883,0,0,ragas-service:gemini,f,8604,COMPLETED,,2026-07-13 05:54:35.010595
MAIN_FINETUNE_QWEN_V1,Q044,FINETUNE,FULL_PIPELINE,Triết học Mác định vị mối quan hệ giữa triết học và các khoa học cụ thể như thế nào?,"Triết học Mác đóng vai trò là Thế giới quan và Phương pháp luận cho các khoa học cụ thể. Ngược lại, các khoa học cụ thể cung cấp các chất liệu cụ thể đưa đến sự khái quát chung nhất cho triết học.","Triết học Mác định vị mình là một nền tảng lý thuyết vững chắc cho các lĩnh vực nghiên cứu khoa học, giúp phân tích và giải thích các hiện tượng xã hội, kinh tế, văn hóa.",0.19753086419753088,0,0.745449593447001,0,0,ragas-service:gemini,f,9328,COMPLETED,,2026-07-13 05:54:44.349624
MAIN_FINETUNE_QWEN_V1,Q045,FINETUNE,FULL_PIPELINE,Định nghĩa triết học theo quan điểm của Mác - Lênin là gì?,"Triết học là hệ thống các quan điểm lý luận chung nhất về thế giới và vị trí của con người trong thế giới; là khoa học về những quy luật vận động, phát triển chung nhất của tự nhiên, xã hội và tư duy.",Triết học là khoa học nghiên cứu lý thuyết về con người và thế giới xung quanh.,0.3548387096774193,0,0.7282446551361117,0,0,ragas-service:gemini,f,5388,COMPLETED,,2026-07-13 05:54:49.744624
MAIN_FINETUNE_QWEN_V1,Q046,FINETUNE,FULL_PIPELINE,Nội dung của vấn đề cơ bản của triết học bao gồm những mặt nào?,"Vấn đề cơ bản của triết học gồm 2 mặt: Mặt thứ nhất (Bản thể luận) trả lời câu hỏi Vật chất và ý thức cái nào có trước, cái nào quyết định. Mặt thứ hai (Nhận thức luận) trả lời câu hỏi Con người có nhận thức được thế giới hay không.","Triết học tập trung nghiên cứu các vấn đề về thế giới thực vật thể, tâm lý và ý thức.",0.30136986301369867,0,0.7590995036287215,0,0,ragas-service:gemini,f,9499,COMPLETED,,2026-07-13 05:54:59.249661
MAIN_FINETUNE_QWEN_V1,Q047,FINETUNE,FULL_PIPELINE,Chủ nghĩa duy vật và Chủ nghĩa duy tâm giải quyết mặt thứ nhất của vấn đề cơ bản triết học khác nhau như thế nào?,"Chủ nghĩa duy vật cho rằng vật chất có trước, sinh ra và quyết định ý thức. Ngược lại, Chủ nghĩa duy tâm cho rằng ý thức có trước, quyết định vật chất.","Chủ nghĩa duy vật giải quyết vấn đề này bằng cách nhấn mạnh sự tồn tại của thế giới thực, bao gồm cả vật chất và con người, là những hiện tượng có thể được khám phá và nghiên cứu qua các phương pháp khoa học. Trong khi đó, Chủ nghĩa duy tâm chỉ tập trung vào tư duy cá nhân, ý thức và cảm xúc, coi chúng là nguồn gốc của mọi sự kiện trong thế giới thực.",0.1964285714285714,0,0.8013667150134672,0,0,ragas-service:gemini,f,14169,COMPLETED,,2026-07-13 05:55:13.425606
MAIN_FINETUNE_QWEN_V1,Q048,FINETUNE,FULL_PIPELINE,Sự đối lập giữa phương pháp biện chứng và phương pháp siêu hình biểu hiện như thế nào?,"Biện chứng xem xét sự vật trong trạng thái liên hệ, ràng buộc, ảnh hưởng, quy định lẫn nhau và luôn trong sự vận động, phát triển. Siêu hình xem xét sự vật trong trạng thái cô lập, tách rời khỏi các quan hệ khác và trong trạng thái tĩnh, bất biến.","Phương pháp biện chứng nhấn mạnh vào việc phân tích mối quan hệ tương đối giữa các yếu tố trong một vấn đề, tìm ra điểm chung giữa sự khác biệt để đưa ra kết luận chính xác. Trong khi đó, phương pháp siêu hình tập trung vào việc phân tích toàn diện của vấn đề, xem xét tất cả các mặt tiêu cực và tích cực của nó để đưa ra quyết định hợp lý nhất.",0.21705426356589147,0,0.8273003218219396,0,0,ragas-service:gemini,f,21688,COMPLETED,,2026-07-13 05:55:35.12427
MAIN_FINETUNE_QWEN_V1,Q049,FINETUNE,FULL_PIPELINE,Thuyết khả tri (Có thể biết) và Bất khả tri (Không thể biết) phân biệt nhau dựa trên tiêu chí nào?,"Hai thuyết này phân biệt nhau dựa trên cách trả lời mặt thứ hai của vấn đề cơ bản triết học. Thuyết Khả tri cho rằng con người có thể nhận thức được thế giới, trong khi thuyết Bất khả tri cho rằng con người không thể nhận thức được thế giới.","Thuyết khả tri là khi luận điểm của học sinh được căn cứ vào tài liệu, kiến thức đã học hoặc kinh nghiệm cá nhân để trả lời câu hỏi.",0.2439024390243902,0,0.79742152216591,0,0,ragas-service:gemini,f,25189,COMPLETED,,2026-07-13 05:56:00.318659
MAIN_FINETUNE_QWEN_V1,Q050,FINETUNE,FULL_PIPELINE,Hạt nhân lý luận của thế giới quan là gì và vai trò của nó?,"Triết học chính là hạt nhân lý luận của thế giới quan. Nó đóng vai trò cốt lõi, chi phối, ảnh hưởng và quy định các thế giới quan và quan niệm khác (như tôn giáo, khoa học, huyền thoại) trong việc định hướng cho nhận thức và hoạt động thực tiễn của con người.","Hạt nhân lý luận của thế giới quan là hệ thống các nguyên tắc cơ bản được xác định để phân tích và giải quyết vấn đề. Vai trò của hạt nhân lý luận giúp học sinh nắm vững cách suy diễn, đánh giá mức độ đúng sai của luận điểm, đồng thời cũng giúp phát triển kỹ năng tư duy logic, khả năng tổng hợp kiến thức và khả năng lập luận chặt chẽ trong các bài tập làm việc nhóm.",0.26277372262773724,0,0.8797868854864558,0,0,ragas-service:gemini,f,16416,COMPLETED,,2026-07-13 05:56:16.742355
