run_id,question_id,experiment_type,benchmark_mode,chunking_strategy,embedding_model,question,ground_truth,generated_answer,hit_at_k,recall_at_k,reciprocal_rank,ndcg_at_k,retrieval_hit,f1_score,faithfulness,answer_relevancy,context_precision,context_recall,evaluation_source,evaluation_fallback_used,embedding_latency_ms,search_latency_ms,latency_ms,item_status,error_message,created_at
MAIN_RAG_HIERARCHICAL_BGE_M3_V1,Q001,RAG,FULL_PIPELINE,HIERARCHICAL,BGE_M3,JPA l├á g├¼ v├á c├│ vai tr├▓ nh╞░ thß║┐ n├áo trong c├íc ß╗⌐ng dß╗Ñng Java?,"JPA (Java Persistence API) l├á mß╗Öt ─æß║╖c tß║ú (specification) quß║ún l├╜ dß╗» liß╗çu quan hß╗ç trong c├íc ß╗⌐ng dß╗Ñng Java. N├│ cung cß║Ñp c├íc interface, annotation v├á framework ORM gi├║p ─æ╞ín giß║ún h├│a qu├í tr├¼nh t╞░╞íng t├íc vß╗¢i c╞í sß╗ƒ dß╗» liß╗çu bß║▒ng c├íc ph╞░╞íng ph├íp h╞░ß╗¢ng ─æß╗æi t╞░ß╗úng.","JPA (Java Persistence API) l├á mß╗Öt ─æß║╖c tß║ú v├á giao diß╗çn lß║¡p tr├¼nh Java, cho ph├⌐p c├íc nh├á ph├ít triß╗ân quß║ún l├╜ dß╗» liß╗çu quan hß╗ç trong c├íc ß╗⌐ng dß╗Ñng Java.

Vai tr├▓ cß╗ºa JPA trong c├íc ß╗⌐ng dß╗Ñng Java l├á:
*   Quß║ún l├╜ dß╗» liß╗çu quan hß╗ç bß║▒ng c├íc ph╞░╞íng ph├íp h╞░ß╗¢ng ─æß╗æi t╞░ß╗úng.
*   ─É╞ín giß║ún h├│a qu├í tr├¼nh t╞░╞íng t├íc vß╗¢i c╞í sß╗ƒ dß╗» liß╗çu th├┤ng qua viß╗çc cung cß║Ñp tß║¡p hß╗úp c├íc giao diß╗çn, ch├║ th├¡ch v├á mß╗Öt framework ORM (├ính xß║í ─æß╗æi t╞░ß╗úng-quan hß╗ç).
*   ─Éß║úm bß║úo khß║ú n─âng l╞░u trß╗» dß╗» liß╗çu (data persistence) cho ß╗⌐ng dß╗Ñng Java.",1,1,1,1,t,0.52,1,0.8446754881093809,0.5888888888692593,1,ragas-service:gemini,f,341,71,36610,COMPLETED,,2026-07-13 04:26:51.380348
MAIN_RAG_HIERARCHICAL_BGE_M3_V1,Q002,RAG,FULL_PIPELINE,HIERARCHICAL,BGE_M3,Nhß╗»ng lß╗úi ├¡ch ch├¡nh cß╗ºa viß╗çc sß╗¡ dß╗Ñng ORM l├á g├¼?,"Lß╗úi ├¡ch cß╗ºa ORM bao gß╗ôm: T─âng n─âng suß║Ñt (viß║┐t ├¡t code h╞ín do ORM xß╗¡ l├╜ truy cß║¡p dß╗» liß╗çu tß║ºng thß║Ñp), cß║úi thiß╗çn khß║ú n─âng bß║úo tr├¼ (code sß║ích h╞ín, tß║¡p trung v├áo logic nghiß╗çp vß╗Ñ), t─âng c╞░ß╗¥ng hiß╗çu suß║Ñt (tß╗æi ╞░u h├│a truy cß║¡p v├á ─æß╗çm dß╗» liß╗çu), v├á ─æß╗Öc lß║¡p vß╗¢i c╞í sß╗ƒ dß╗» liß╗çu (c├│ thß╗â ─æß╗òi CSDL m├á kh├┤ng cß║ºn viß║┐t lß║íi nhiß╗üu code).","C├íc lß╗úi ├¡ch ch├¡nh cß╗ºa viß╗çc sß╗¡ dß╗Ñng ORM bao gß╗ôm:

*   **T─âng n─âng suß║Ñt:** Viß║┐t ├¡t m├ú h╞ín v├¼ ORM xß╗¡ l├╜ c├íc t├íc vß╗Ñ truy cß║¡p dß╗» liß╗çu cß║Ñp thß║Ñp.
*   **Cß║úi thiß╗çn khß║ú n─âng bß║úo tr├¼:** M├ú sß║ích h╞ín, dß╗à hiß╗âu h╞ín v├¼ tß║¡p trung v├áo logic nghiß╗çp vß╗Ñ, kh├┤ng phß║úi chi tiß║┐t c╞í sß╗ƒ dß╗» liß╗çu.
*   **N├óng cao hiß╗çu suß║Ñt:** C├íc framework ORM c├│ thß╗â tß╗æi ╞░u h├│a viß╗çc truy cß║¡p dß╗» liß╗çu v├á caching.
*   **─Éß╗Öc lß║¡p vß╗¢i c╞í sß╗ƒ dß╗» liß╗çu:** C├│ thß╗â thay ─æß╗òi c╞í sß╗ƒ dß╗» liß╗çu m├á kh├┤ng cß║ºn viß║┐t lß║íi m├ú ß╗⌐ng dß╗Ñng (ß╗ƒ mß╗Öt mß╗⌐c ─æß╗Ö n├áo ─æ├│).
*   **Dß╗à d├áng l├ám viß╗çc vß╗¢i c╞í sß╗ƒ dß╗» liß╗çu:** Cho ph├⌐p tß║¡p trung v├áo logic nghiß╗çp vß╗Ñ thay v├¼ c├íc chi tiß║┐t l╞░u trß╗» dß╗» liß╗çu.",1,1,1,1,t,0.4752475247524753,1,0.882572921846044,0.99999999998,1,ragas-service:gemini,f,160,10,29567,COMPLETED,,2026-07-13 04:27:20.956671
MAIN_RAG_HIERARCHICAL_BGE_M3_V1,Q003,RAG,FULL_PIPELINE,HIERARCHICAL,BGE_M3,Hibernate kh├íc biß╗çt nh╞░ thß║┐ n├áo trong c├íc framework ORM cho Java?,Hibernate l├á bß║ún triß╗ân khai (implementation) JPA ─æ╞░ß╗úc sß╗¡ dß╗Ñng rß╗Öng r├úi nhß║Ñt. N├│ cung cß║Ñp mß╗Öt bß╗Ö t├¡nh n─âng phong ph├║ v├á c├íc t├╣y chß╗ìn t├╣y chß╗ënh mß╗ƒ rß╗Öng so vß╗¢i c├íc framework kh├íc.,"Hibernate l├á mß╗Öt trong nhß╗»ng implementation cß╗ºa JPA ─æ╞░ß╗úc sß╗¡ dß╗Ñng rß╗Öng r├úi nhß║Ñt, nß╗òi bß║¡t vß╗¢i bß╗Ö t├¡nh n─âng phong ph├║ v├á c├íc t├╣y chß╗ìn t├╣y chß╗ënh mß╗ƒ rß╗Öng.",1,1,1,1,t,0.7076923076923077,1,0.7783403341580476,0.99999999995,0.5,ragas-service:gemini,f,142,12,14885,COMPLETED,,2026-07-13 04:27:35.849901
MAIN_RAG_HIERARCHICAL_BGE_M3_V1,Q004,RAG,FULL_PIPELINE,HIERARCHICAL,BGE_M3,EntityManager trong JPA c├│ chß╗⌐c n─âng g├¼?,"EntityManager l├á interface cung cß║Ñp c├íc ph╞░╞íng thß╗⌐c ─æß╗â l╞░u trß╗» (persist), t├¼m kiß║┐m (find), hß╗úp nhß║Ñt (merge) v├á x├│a (remove) c├íc thß╗▒c thß╗â (entities). N├│ quß║ún l├╜ v├▓ng ─æß╗¥i thß╗▒c thß╗â, ngß╗» cß║únh bß╗ün vß╗»ng (persistence context), thß╗▒c thi truy vß║Ñn v├á quß║ún l├╜ giao dß╗ïch.","EntityManager trong JPA c├│ c├íc chß╗⌐c n─âng ch├¡nh sau:

*   **Quß║ún l├╜ v├▓ng ─æß╗¥i thß╗▒c thß╗â:** Bao gß╗ôm c├íc thao t├íc nh╞░ `Persist` (l╞░u), `find` (t├¼m kiß║┐m), `merge` (hß╗úp nhß║Ñt), `remove` (x├│a).
*   **Kiß╗âm so├ít ngß╗» cß║únh persistence:** Quß║ún l├╜ `Cache` (bß╗Ö nhß╗¢ ─æß╗çm), `flush` (─æß╗ông bß╗Ö), `detach` (t├ích).
*   **Thß╗▒c thi truy vß║Ñn:** Hß╗ù trß╗ú `JPQL` v├á `Criteria API`.
*   **Xß╗¡ l├╜ giao dß╗ïch:** Bß║»t ─æß║ºu (`Begin`), x├íc nhß║¡n (`commit`), hoß║╖c hß╗ºy bß╗Å (`rollback`) giao dß╗ïch.
*   **Cung cß║Ñp quyß╗ün truy cß║¡p v├áo metadata cß╗ºa thß╗▒c thß╗â.**
*   **Giß║úm code boilerplate** cß║ºn thiß║┐t cho viß╗çc truy cß║¡p dß╗» liß╗çu.",1,1,1,1,t,0.4113475177304965,1,0.8552561134058871,0.6999999999766667,1,ragas-service:gemini,f,140,8,22733,COMPLETED,,2026-07-13 04:27:58.586639
MAIN_RAG_HIERARCHICAL_BGE_M3_V1,Q005,RAG,FULL_PIPELINE,HIERARCHICAL,BGE_M3,"Trong JPA, annotation @Entity v├á @Table kh├íc nhau ß╗ƒ ─æiß╗âm n├áo?","@Entity d├╣ng ─æß╗â ─æ├ính dß║Ñu mß╗Öt class Java l├á mß╗Öt thß╗▒c thß╗â, ─æß║íi diß╗çn cho mß╗Öt bß║úng trong CSDL. Trong khi ─æ├│, @Table cho ph├⌐p bß║ín chß╗ë ─æß╗ïnh r├╡ t├¬n cß╗Ñ thß╗â cß╗ºa bß║úng trong c╞í sß╗ƒ dß╗» liß╗çu m├á thß╗▒c thß╗â ─æ├│ sß║╜ ├ính xß║í tß╗¢i.","Trong JPA:
*   **@Entity**: ─É├ính dß║Ñu mß╗Öt lß╗¢p Java l├á mß╗Öt entity, c├│ ngh─⌐a l├á n├│ ─æß║íi diß╗çn cho mß╗Öt bß║úng trong c╞í sß╗ƒ dß╗» liß╗çu.
*   **@Table**: Cho ph├⌐p bß║ín chß╗ë ─æß╗ïnh t├¬n cß╗ºa bß║úng trong c╞í sß╗ƒ dß╗» liß╗çu m├á entity ─æ├│ ├ính xß║í tß╗¢i.",1,1,1,1,t,0.5869565217391305,1,0.8321346165467537,0.8666666666377778,1,ragas-service:gemini,f,142,9,18206,COMPLETED,,2026-07-13 04:28:16.799796
MAIN_RAG_HIERARCHICAL_BGE_M3_V1,Q006,RAG,FULL_PIPELINE,HIERARCHICAL,BGE_M3,Kß╗â t├¬n c├íc annotation ─æß╗ïnh ngh─⌐a mß╗æi quan hß╗ç (Relationships) trong JPA.,"C├íc annotation ─æß╗ïnh ngh─⌐a mß╗æi quan hß╗ç trong JPA bao gß╗ôm: @ManyToOne (nhiß╗üu - mß╗Öt), @OneToMany (mß╗Öt - nhiß╗üu), @OneToOne (mß╗Öt - mß╗Öt), v├á @ManyToMany (nhiß╗üu - nhiß╗üu).","C├íc annotation ─æß╗ïnh ngh─⌐a mß╗æi quan hß╗ç (Relationships) trong JPA bao gß╗ôm:
*   `@ManyToOne`: ─Éß╗ïnh ngh─⌐a mß╗æi quan hß╗ç nhiß╗üu-mß╗Öt giß╗»a hai thß╗▒c thß╗â.
*   `@OneToMany`: ─Éß╗ïnh ngh─⌐a mß╗æi quan hß╗ç mß╗Öt-nhiß╗üu giß╗»a hai thß╗▒c thß╗â.
*   `@OneToOne`: ─Éß╗ïnh ngh─⌐a mß╗æi quan hß╗ç mß╗Öt-mß╗Öt giß╗»a hai thß╗▒c thß╗â.
*   `@ManyToMany`: ─Éß╗ïnh ngh─⌐a mß╗æi quan hß╗ç nhiß╗üu-nhiß╗üu giß╗»a hai thß╗▒c thß╗â.",1,1,1,1,t,0.375,1,0.859918613436661,0.99999999995,1,ragas-service:gemini,f,165,9,24733,COMPLETED,,2026-07-13 04:28:41.538413
MAIN_RAG_HIERARCHICAL_BGE_M3_V1,Q007,RAG,FULL_PIPELINE,HIERARCHICAL,BGE_M3,Spring WebFlux kh├íc biß╗çt g├¼ so vß╗¢i Spring MVC?,"Spring MVC l├á ph╞░╞íng ph├íp tiß║┐p cß║¡n truyß╗ün thß╗æng ─æß╗â x├óy dß╗▒ng ß╗⌐ng dß╗Ñng web, tß╗ò chß╗⌐c theo kiß║┐n tr├║c Controller-Model-View. Spring WebFlux l├á ph╞░╞íng ph├íp tiß║┐p cß║¡n phß║ún ß╗⌐ng (reactive), kh├┤ng chß║╖n (non-blocking), dß╗▒a tr├¬n Project Reactor, rß║Ñt hß╗»u ├¡ch cho c├íc kß╗ïch bß║ún xß╗¡ l├╜ luß╗ông dß╗» liß╗çu v├á ─æß╗ông thß╗¥i cao.","Spring WebFlux kh├íc biß╗çt vß╗¢i Spring MVC ß╗ƒ c├íc ─æiß╗âm sau:

*   **C├ích tiß║┐p cß║¡n**: Spring WebFlux l├á mß╗Öt c├ích tiß║┐p cß║¡n lß║¡p tr├¼nh phß║ún ß╗⌐ng (reactive approach) ─æ╞░ß╗úc giß╗¢i thiß╗çu trong Spring 5, trong khi Spring MVC ─æß║íi diß╗çn cho c├íc mß║½u MVC truyß╗ün thß╗æng.
*   **C╞í sß╗ƒ**: Spring WebFlux dß╗▒a tr├¬n Project Reactor v├á ─æß║╖c tß║ú Reactive Streams.
*   **T├¡nh chß║Ñt**: Spring WebFlux cho ph├⌐p x├óy dß╗▒ng c├íc ß╗⌐ng dß╗Ñng web kh├┤ng chß║╖n (non-blocking), phß║ún ß╗⌐ng (reactive), ─æß║╖c biß╗çt hß╗»u ├¡ch cho viß╗çc xß╗¡ l├╜ ─æß╗ông thß╗¥i cao v├á c├íc kß╗ïch bß║ún dß╗» liß╗çu luß╗ông (streaming data). N├│ l├á mß╗Öt framework web reactive-stack ho├án to├án kh├┤ng chß║╖n v├á hß╗ù trß╗ú back pressure cß╗ºa Reactive Streams.",1,1,0.5,0.6309297535714574,t,0.4404761904761905,1,0.8523436960676195,0.5833333333041666,1,ragas-service:gemini,f,144,11,21597,COMPLETED,,2026-07-13 04:29:03.144999
MAIN_RAG_HIERARCHICAL_BGE_M3_V1,Q008,RAG,FULL_PIPELINE,HIERARCHICAL,BGE_M3,Tß║íi sao n├¬n sß╗¡ dß╗Ñng Spring Boot trong ph├ít triß╗ân ß╗⌐ng dß╗Ñng web?,"Spring Boot ─æ╞ín giß║ún h├│a qu├í tr├¼nh tß║ío ra c├íc ß╗⌐ng dß╗Ñng ─æß╗Öc lß║¡p, cß║Ñp ─æß╗Ö sß║ún xuß║Ñt. N├│ cung cß║Ñp ph╞░╞íng ph├íp tiß║┐p cß║¡n 'quy ╞░ß╗¢c h╞ín cß║Ñu h├¼nh' (convention-over-configuration), giß║úm thiß╗âu viß╗çc thiß║┐t lß║¡p v├á c├íc code lß║╖p lß║íi (boilerplate code), gi├║p ph├ít triß╗ân ß╗⌐ng dß╗Ñng nhanh ch├│ng.","N├¬n sß╗¡ dß╗Ñng Spring Boot trong ph├ít triß╗ân ß╗⌐ng dß╗Ñng web v├¼:
*   N├│ l├á lß╗▒a chß╗ìn tuyß╗çt vß╗¥i ─æß╗â ph├ít triß╗ân ß╗⌐ng dß╗Ñng web nhanh ch├│ng vß╗¢i thiß║┐t lß║¡p tß╗æi thiß╗âu v├á m├ú boilerplate (m├ú lß║╖p lß║íi) ├¡t.
*   N├│ ─æ╞ín giß║ún h├│a qu├í tr├¼nh tß║ío c├íc ß╗⌐ng dß╗Ñng Spring ─æß╗Öc lß║¡p, sß║╡n s├áng cho m├┤i tr╞░ß╗¥ng sß║ún xuß║Ñt.
*   N├│ gi├║p khß╗ƒi tß║ío ß╗⌐ng dß╗Ñng Spring nhanh ch├│ng.
*   N├│ sß╗¡ dß╗Ñng ph╞░╞íng ph├íp ""convention-over-configuration"" (quy ╞░ß╗¢c h╞ín cß║Ñu h├¼nh) gi├║p ─æ╞ín giß║ún h├│a viß╗çc thiß║┐t lß║¡p v├á cß║Ñu h├¼nh ß╗⌐ng dß╗Ñng dß╗▒a tr├¬n Spring.",1,1,1,1,t,0.5034965034965035,1,0.8553674277961724,0.999999999975,1,ragas-service:gemini,f,171,16,24676,COMPLETED,,2026-07-13 04:29:27.826623
MAIN_RAG_HIERARCHICAL_BGE_M3_V1,Q009,RAG,FULL_PIPELINE,HIERARCHICAL,BGE_M3,Thymeleaf l├á g├¼ v├á mß╗Ñc ti├¬u ch├¡nh cß╗ºa n├│ l├á g├¼?,"Thymeleaf l├á mß╗Öt template engine ph├¡a m├íy chß╗º dß╗▒a tr├¬n Java, c├│ khß║ú n─âng xß╗¡ l├╜ HTML, XML, JavaScript, CSS v├á v─ân bß║ún thuß║ºn t├║y. Mß╗Ñc ti├¬u ch├¡nh cß╗ºa n├│ l├á cung cß║Ñp mß╗Öt c├ích tinh tß║┐ v├á dß╗à bß║úo tr├¼ ─æß╗â tß║ío c├íc mß║½u, cß║úi thiß╗çn giao tiß║┐p v├á thu hß║╣p khoß║úng c├ích giß╗»a ─æß╗Öi ng┼⌐ thiß║┐t kß║┐ v├á ph├ít triß╗ân.","Thymeleaf l├á mß╗Öt c├┤ng cß╗Ñ tß║ío mß║½u (template engine) Java hiß╗çn ─æß║íi chß║íy ph├¡a m├íy chß╗º, d├╣ng cho cß║ú m├┤i tr╞░ß╗¥ng web v├á ─æß╗Öc lß║¡p. N├│ c├│ khß║ú n─âng xß╗¡ l├╜ HTML, XML, JavaScript, CSS v├á cß║ú v─ân bß║ún thuß║ºn t├║y.

Mß╗Ñc ti├¬u ch├¡nh cß╗ºa Thymeleaf l├á cung cß║Ñp mß╗Öt c├ích thß╗⌐c thanh lß╗ïch v├á dß╗à bß║úo tr├¼ ─æß╗â tß║ío c├íc mß║½u (templates).",1,1,1,1,t,0.608,1,0.793955970237298,0.5833333333041666,1,ragas-service:gemini,f,145,17,20779,COMPLETED,,2026-07-13 04:29:48.619479
MAIN_RAG_HIERARCHICAL_BGE_M3_V1,Q010,RAG,FULL_PIPELINE,HIERARCHICAL,BGE_M3,Chß║┐ ─æß╗Ö template HTML v├á XML trong Thymeleaf kh├íc nhau nh╞░ thß║┐ n├áo vß╗ü mß║╖t c├║ ph├íp?,"Chß║┐ ─æß╗Ö HTML cho ph├⌐p bß║Ñt kß╗│ loß║íi ─æß║ºu v├áo HTML n├áo (HTML5, HTML4) m├á kh├┤ng kiß╗âm tra t├¡nh hß╗úp lß╗ç (well-formedness). Chß║┐ ─æß╗Ö XML y├¬u cß║ºu m├ú phß║úi ─æ╞░ß╗úc ─æß╗ïnh dß║íng chuß║⌐n (well-formed) ΓÇô kh├┤ng c├│ thß║╗ ch╞░a ─æ├│ng hoß║╖c thuß╗Öc t├¡nh kh├┤ng c├│ dß║Ñu nh├íy, nß║┐u vi phß║ím parser sß║╜ b├ío lß╗ùi.","Chß║┐ ─æß╗Ö template HTML v├á XML trong Thymeleaf kh├íc nhau vß╗ü mß║╖t c├║ ph├íp nh╞░ sau:

*   **Chß║┐ ─æß╗Ö HTML**: Cho ph├⌐p bß║Ñt kß╗│ loß║íi ─æß║ºu v├áo HTML n├áo (bao gß╗ôm HTML5, HTML 4 v├á XHTML). Kh├┤ng c├│ kiß╗âm tra t├¡nh hß╗úp lß╗ç hay t├¡nh ─æ├║ng ─æß║»n vß╗ü mß║╖t c├║ ph├íp ─æ╞░ß╗úc thß╗▒c hiß╗çn, v├á cß║Ñu tr├║c m├ú template sß║╜ ─æ╞░ß╗úc giß╗» nguy├¬n ß╗ƒ mß╗⌐c tß╗æi ─æa trong ─æß║ºu ra.
*   **Chß║┐ ─æß╗Ö XML**: Y├¬u cß║ºu ─æß║ºu v├áo XML phß║úi ─æ├║ng ─æß║»n vß╗ü mß║╖t c├║ ph├íp (v├¡ dß╗Ñ: kh├┤ng c├│ thß║╗ ch╞░a ─æ├│ng, kh├┤ng c├│ thuß╗Öc t├¡nh ch╞░a ─æ╞░ß╗úc ─æß║╖t trong dß║Ñu ngoß║╖c k├⌐p). Tr├¼nh ph├ón t├¡ch c├║ ph├íp sß║╜ b├ío lß╗ùi nß║┐u ph├ít hiß╗çn vi phß║ím t├¡nh ─æ├║ng ─æß║»n.",1,1,1,1,t,0.4210526315789474,1,0.8418155942336044,0.9999999999,1,ragas-service:gemini,f,149,9,19098,COMPLETED,,2026-07-13 04:30:07.722586
MAIN_RAG_HIERARCHICAL_BGE_M3_V1,Q011,RAG,FULL_PIPELINE,HIERARCHICAL,BGE_M3,N├¬u c├║ ph├íp cß╗ºa c├íc loß║íi biß╗âu thß╗⌐c ─æ╞ín giß║ún (Simple expressions) trong Thymeleaf.,"C├íc biß╗âu thß╗⌐c ─æ╞ín giß║ún trong Thymeleaf bao gß╗ôm: Biß╗âu thß╗⌐c biß║┐n (Variable Expressions): ${...}, Biß╗âu thß╗⌐c biß║┐n chß╗ìn (Selection Variable Expressions): *{...}, Biß╗âu thß╗⌐c th├┤ng b├ío (Message Expressions): #{...}, Biß╗âu thß╗⌐c li├¬n kß║┐t URL (Link URL Expressions): @{...}, v├á Biß╗âu thß╗⌐c ph├ón ─æoß║ín (Fragment Expressions): ~{...}.",T├ái liß╗çu ─æ╞░ß╗úc cung cß║Ñp kh├┤ng ─æß╗º th├┤ng tin ─æß╗â n├¬u c├║ ph├íp cß╗ºa c├íc loß║íi biß╗âu thß╗⌐c ─æ╞ín giß║ún (Simple expressions) trong Thymeleaf.,0,0,0,0,f,0.2727272727272727,1,0,0,0,ragas-service:gemini,f,150,8,13019,COMPLETED,,2026-07-13 04:30:20.748719
MAIN_RAG_HIERARCHICAL_BGE_M3_V1,Q012,RAG,FULL_PIPELINE,HIERARCHICAL,BGE_M3,Chß║┐ ─æß╗Ö RAW template trong Thymeleaf ─æ╞░ß╗úc ├íp dß╗Ñng trong t├¼nh huß╗æng n├áo?,"Chß║┐ ─æß╗Ö RAW kh├┤ng xß╗¡ l├╜ mß║½u m├á ─æ╞░ß╗úc d├╣ng ─æß╗â ch├¿n c├íc t├ái nguy├¬n nguy├¬n bß║ún (tß╗çp, phß║ún hß╗ôi URL, v.v.) v├áo mß║½u ─æang ─æ╞░ß╗úc xß╗¡ l├╜. N├│ hß╗»u ├¡ch khi bao gß╗ôm c├íc t├ái nguy├¬n b├¬n ngo├ái kh├┤ng ─æ╞░ß╗úc kiß╗âm so├ít v├áo ß╗⌐ng dß╗Ñng mß╗Öt c├ích an to├án m├á kh├┤ng thß╗▒c thi bß║Ñt kß╗│ m├ú Thymeleaf n├áo trong ─æ├│.","Chß║┐ ─æß╗Ö RAW template trong Thymeleaf ─æ╞░ß╗úc ├íp dß╗Ñng ─æß╗â ch├¿n c├íc t├ái nguy├¬n ch╞░a qua xß╗¡ l├╜ (v├¡ dß╗Ñ: tß╗çp, phß║ún hß╗ôi URL) v├áo c├íc template ─æang ─æ╞░ß╗úc xß╗¡ l├╜. Chß║┐ ─æß╗Ö n├áy kh├┤ng xß╗¡ l├╜ template, ─æß║úm bß║úo rß║▒ng mß╗ìi m├ú Thymeleaf c├│ thß╗â c├│ trong c├íc t├ái nguy├¬n b├¬n ngo├ái, kh├┤ng kiß╗âm so├ít sß║╜ kh├┤ng ─æ╞░ß╗úc thß╗▒c thi.",1,1,1,1,t,0.45901639344262296,1,0.8810001292576475,0.9999999999,1,ragas-service:gemini,f,131,7,17463,COMPLETED,,2026-07-13 04:30:38.215795
MAIN_RAG_HIERARCHICAL_BGE_M3_V1,Q013,RAG,FULL_PIPELINE,HIERARCHICAL,BGE_M3,Thuß║¡t to├ín (Algorithm) ─æ╞░ß╗úc ─æß╗ïnh ngh─⌐a nh╞░ thß║┐ n├áo?,"Thuß║¡t to├ín l├á mß╗Öt chuß╗ùi c├íc chß╗ë dß║½n kh├┤ng mß║¡p mß╗¥ nhß║▒m giß║úi quyß║┐t mß╗Öt vß║Ñn ─æß╗ü, tß╗⌐c l├á ─æß╗â thu ─æ╞░ß╗úc mß╗Öt ─æß║ºu ra y├¬u cß║ºu cho bß║Ñt kß╗│ ─æß║ºu v├áo hß╗úp lß╗ç n├áo trong mß╗Öt khoß║úng thß╗¥i gian hß╗»u hß║ín.","Thuß║¡t to├ín l├á mß╗Öt chuß╗ùi c├íc chß╗ë dß║½n r├╡ r├áng ─æß╗â giß║úi quyß║┐t mß╗Öt vß║Ñn ─æß╗ü, ngh─⌐a l├á ─æß╗â c├│ ─æ╞░ß╗úc kß║┐t quß║ú ─æß║ºu ra mong muß╗æn cho bß║Ñt kß╗│ ─æß║ºu v├áo hß╗úp lß╗ç n├áo trong mß╗Öt khoß║úng thß╗¥i gian hß╗»u hß║ín.",1,1,1,1,t,0.6904761904761905,1,0.8037882859788431,0.6791666666496875,1,ragas-service:gemini,f,116,13,13820,COMPLETED,,2026-07-13 04:30:52.043427
MAIN_RAG_HIERARCHICAL_BGE_M3_V1,Q014,RAG,FULL_PIPELINE,HIERARCHICAL,BGE_M3,"Trong b├ái to├ín sß║»p xß║┐p (Sorting), ─æß╗ïnh dß║íng cß╗ºa ─æß║ºu v├áo v├á ─æß║ºu ra l├á g├¼?",─Éß║ºu v├áo l├á mß╗Öt chuß╗ùi n sß╗æ. ─Éß║ºu ra l├á mß╗Öt sß╗▒ sß║»p xß║┐p lß║íi cß╗ºa chuß╗ùi ─æß║ºu v├áo sao cho mß╗ùi phß║ºn tß╗¡ ─æß╗⌐ng tr╞░ß╗¢c nhß╗Å h╞ín hoß║╖c bß║▒ng phß║ºn tß╗¡ ─æß╗⌐ng sau n├│.,"Trong b├ái to├ín sß║»p xß║┐p (Sorting):
*   **─Éß║ºu v├áo (Input):** Mß╗Öt d├úy gß╗ôm n sß╗æ `<a1, a2, ΓÇª, an>`.
*   **─Éß║ºu ra (Output):** Mß╗Öt d├úy ─æ╞░ß╗úc sß║»p xß║┐p lß║íi `<a┬┤1, a┬┤2, ΓÇª, a┬┤n>` cß╗ºa d├úy ─æß║ºu v├áo sao cho `a┬┤1 Γëñ a┬┤2 Γëñ ΓÇª Γëñ a┬┤n` (hoß║╖c `a┬┤i Γëñ a┬┤j` bß║Ñt cß╗⌐ khi n├áo `i < j`).",1,1,0.5,0.6309297535714574,t,0.3170731707317073,1,0.8177338853815793,0.94999999997625,1,ragas-service:gemini,f,137,8,18443,COMPLETED,,2026-07-13 04:31:10.49688
MAIN_RAG_HIERARCHICAL_BGE_M3_V1,Q015,RAG,FULL_PIPELINE,HIERARCHICAL,BGE_M3,T├¡nh ß╗òn ─æß╗ïnh (Stability) v├á tß║íi chß╗ù (In-place) cß╗ºa mß╗Öt thuß║¡t to├ín sß║»p xß║┐p kh├íc nhau thß║┐ n├áo?,"T├¡nh ß╗òn ─æß╗ïnh l├á khß║ú n─âng giß╗» nguy├¬n thß╗⌐ tß╗▒ t╞░╞íng ─æß╗æi cß╗ºa hai phß║ºn tß╗¡ c├│ gi├í trß╗ï bß║▒ng nhau trong ─æß║ºu v├áo. T├¡nh tß║íi chß╗ù (In-place) ngh─⌐a l├á thuß║¡t to├ín kh├┤ng y├¬u cß║ºu th├¬m bß╗Ö nhß╗¢ phß╗Ñ, ngoß║íi trß╗½ mß╗Öt v├ái ─æ╞ín vß╗ï bß╗Ö nhß╗¢ nhß╗Å.","T├¡nh ß╗òn ─æß╗ïnh (Stability) v├á tß║íi chß╗ù (In-place) l├á hai thuß╗Öc t├¡nh kh├íc nhau cß╗ºa thuß║¡t to├ín sß║»p xß║┐p:

*   **T├¡nh ß╗òn ─æß╗ïnh (Stability):** Mß╗Öt thuß║¡t to├ín sß║»p xß║┐p ─æ╞░ß╗úc gß╗ìi l├á ß╗òn ─æß╗ïnh nß║┐u n├│ giß╗» nguy├¬n thß╗⌐ tß╗▒ t╞░╞íng ─æß╗æi cß╗ºa bß║Ñt kß╗│ hai phß║ºn tß╗¡ bß║▒ng nhau n├áo trong dß╗» liß╗çu ─æß║ºu v├áo cß╗ºa n├│.
*   **Tß║íi chß╗ù (In-place):** Mß╗Öt thuß║¡t to├ín sß║»p xß║┐p l├á tß║íi chß╗ù nß║┐u n├│ kh├┤ng y├¬u cß║ºu bß╗Ö nhß╗¢ bß╗ò sung, ngoß║íi trß╗½ c├│ thß╗â mß╗Öt v├ái ─æ╞ín vß╗ï bß╗Ö nhß╗¢.",1,1,1,1,t,0.5333333333333333,0.625,0.834616444510747,0.9166666666361111,1,ragas-service:gemini,f,140,10,22954,COMPLETED,,2026-07-13 04:31:33.459608
MAIN_RAG_HIERARCHICAL_BGE_M3_V1,Q016,RAG,FULL_PIPELINE,HIERARCHICAL,BGE_M3,─Éß╗ô thß╗ï (Graph) l├á g├¼?,"─Éß╗ô thß╗ï G = <V, E> l├á mß╗Öt tß║¡p hß╗úp c├íc ─æiß╗âm gß╗ìi l├á ─æß╗ënh (vertices), trong ─æ├│ mß╗Öt sß╗æ ─æß╗ënh ─æ╞░ß╗úc nß╗æi vß╗¢i nhau bß║▒ng c├íc ─æoß║ín thß║│ng gß╗ìi l├á cß║ính (edges).","─Éß╗ô thß╗ï (Graph) G = <V, E> ─æ╞░ß╗úc ─æß╗ïnh ngh─⌐a l├á mß╗Öt cß║╖p gß╗ôm hai tß║¡p hß╗úp:
*   Tß║¡p hß╗úp hß╗»u hß║ín V gß╗ôm c├íc phß║ºn tß╗¡ ─æ╞░ß╗úc gß╗ìi l├á ─æß╗ënh (vertices).
*   Tß║¡p hß╗úp E gß╗ôm c├íc cß║╖p ─æß╗ënh ─æ╞░ß╗úc gß╗ìi l├á cß║ính (edges).

Mß╗Öt c├ích kh├┤ng ch├¡nh thß╗⌐c, ─æß╗ô thß╗ï l├á tß║¡p hß╗úp c├íc ─æiß╗âm (─æß╗ënh) m├á mß╗Öt sß╗æ trong sß╗æ ch├║ng ─æ╞░ß╗úc nß╗æi vß╗¢i nhau bß║▒ng c├íc ─æoß║ín thß║│ng (cß║ính).",1,1,0.3333333333333333,0.5,t,0.49019607843137253,1,0.8052845366799377,0.999999999975,1,ragas-service:gemini,f,128,7,14331,COMPLETED,,2026-07-13 04:31:47.797478
MAIN_RAG_HIERARCHICAL_BGE_M3_V1,Q017,RAG,FULL_PIPELINE,HIERARCHICAL,BGE_M3,Mß║úng (Arrays) v├á Danh s├ích li├¬n kß║┐t (Linked Lists) c├│ nhß╗»ng ─æß║╖c ─æiß╗âm tr├íi ng╞░ß╗úc nhau n├áo?,"Mß║úng c├│ ─æß╗Ö d├ái cß╗æ ─æß╗ïnh, l╞░u trß╗» ß╗ƒ c├íc vß╗ï tr├¡ bß╗Ö nhß╗¢ li├¬n tiß║┐p v├á cho ph├⌐p truy cß║¡p trß╗▒c tiß║┐p. Ng╞░ß╗úc lß║íi, Danh s├ích li├¬n kß║┐t c├│ ─æß╗Ö d├ái ─æß╗Öng, l╞░u trß╗» ß╗ƒ c├íc vß╗ï tr├¡ bß╗Ö nhß╗¢ t├╣y ├╜ v├á phß║úi truy cß║¡p bß║▒ng c├ích ─æi theo c├íc li├¬n kß║┐t (con trß╗Å).","D╞░ß╗¢i ─æ├óy l├á c├íc ─æß║╖c ─æiß╗âm tr├íi ng╞░ß╗úc nhau giß╗»a Mß║úng (Arrays) v├á Danh s├ích li├¬n kß║┐t (Linked Lists):

**Mß║úng (Arrays):**
*   **─Éß╗Ö d├ái:** Cß╗æ ─æß╗ïnh (y├¬u cß║ºu cß║Ñp ph├ít bß╗Ö nhß╗¢ tr╞░ß╗¢c).
*   **Vß╗ï tr├¡ bß╗Ö nhß╗¢:** C├íc phß║ºn tß╗¡ ─æ╞░ß╗úc l╞░u trß╗» liß╗ün kß╗ü.
*   **Truy cß║¡p:** Truy cß║¡p trß╗▒c tiß║┐p bß║▒ng chß╗ë sß╗æ.

**Danh s├ích li├¬n kß║┐t (Linked Lists):**
*   **─Éß╗Ö d├ái:** ─Éß╗Öng.
*   **Vß╗ï tr├¡ bß╗Ö nhß╗¢:** C├íc node c├│ thß╗â nß║▒m ß╗ƒ c├íc vß╗ï tr├¡ bß╗Ö nhß╗¢ t├╣y ├╜.
*   **Truy cß║¡p:** Truy cß║¡p bß║▒ng c├ích ─æi theo c├íc con trß╗Å (links).
*   **Thao t├íc ch├¿n/x├│a:** Hß╗ù trß╗ú ch├¿n/x├│a hiß╗çu quß║ú.",1,1,1,1,t,0.4258064516129032,0.8,0.8380430734436833,0.7499999999625,1,ragas-service:gemini,f,258,12,21278,COMPLETED,,2026-07-13 04:32:09.081787
MAIN_RAG_HIERARCHICAL_BGE_M3_V1,Q018,RAG,FULL_PIPELINE,HIERARCHICAL,BGE_M3,Sß╗▒ kh├íc biß╗çt vß╗ü c╞í chß║┐ th├¬m v├á x├│a phß║ºn tß╗¡ giß╗»a Ng─ân xß║┐p (Stack) v├á H├áng ─æß╗úi (Queue)?,"Ng─ân xß║┐p hoß║ít ─æß╗Öng theo c╞í chß║┐ LIFO (V├áo sau ra tr╞░ß╗¢c), viß╗çc th├¬m v├á x├│a chß╗ë ─æ╞░ß╗úc thß╗▒c hiß╗çn ß╗ƒ ─æß╗ënh (top). H├áng ─æß╗úi hoß║ít ─æß╗Öng theo c╞í chß║┐ FIFO (V├áo tr╞░ß╗¢c ra tr╞░ß╗¢c), th├¬m v├áo ß╗ƒ cuß╗æi (rear) v├á x├│a ß╗ƒ ─æß║ºu (front).","Sß╗▒ kh├íc biß╗çt vß╗ü c╞í chß║┐ th├¬m v├á x├│a phß║ºn tß╗¡ giß╗»a Ng─ân xß║┐p (Stack) v├á H├áng ─æß╗úi (Queue) nh╞░ sau:

*   **Ng─ân xß║┐p (Stack):** Viß╗çc th├¬m (push) v├á x├│a (pop) phß║ºn tß╗¡ chß╗ë c├│ thß╗â thß╗▒c hiß╗çn ß╗ƒ ─æß╗ënh (top). Ng─ân xß║┐p tu├ón theo nguy├¬n tß║»c LIFO (Last In, First Out - V├áo sau, Ra tr╞░ß╗¢c).
*   **H├áng ─æß╗úi (Queue):** Viß╗çc th├¬m (enqueue) phß║ºn tß╗¡ ─æ╞░ß╗úc thß╗▒c hiß╗çn ß╗ƒ cuß╗æi (rear), c├▓n viß╗çc x├│a (dequeue) phß║ºn tß╗¡ ─æ╞░ß╗úc thß╗▒c hiß╗çn ß╗ƒ ─æß║ºu (front). H├áng ─æß╗úi tu├ón theo nguy├¬n tß║»c FIFO (First In, First Out - V├áo tr╞░ß╗¢c, Ra tr╞░ß╗¢c).",1,1,1,1,t,0.39716312056737585,1,0.8593407844886802,0.99999999995,1,ragas-service:gemini,f,179,11,22440,COMPLETED,,2026-07-13 04:32:31.533935
MAIN_RAG_HIERARCHICAL_BGE_M3_V1,Q019,RAG,FULL_PIPELINE,HIERARCHICAL,BGE_M3,C├óy (Tree) v├á Rß╗½ng (Forest) kh├íc biß╗çt nh╞░ thß║┐ n├áo?,"C├óy l├á mß╗Öt ─æß╗ô thß╗ï v├┤ h╞░ß╗¢ng, li├¬n th├┤ng v├á kh├┤ng c├│ chu tr├¼nh (acyclic). Rß╗½ng l├á mß╗Öt ─æß╗ô thß╗ï kh├┤ng c├│ chu tr├¼nh, nh╞░ng kh├┤ng bß║»t buß╗Öc phß║úi li├¬n th├┤ng.","Dß╗▒a tr├¬n t├ái liß╗çu ─æ╞░ß╗úc cung cß║Ñp:
*   **C├óy (Tree)** l├á mß╗Öt ─æß╗ô thß╗ï li├¬n th├┤ng (connected) v├á kh├┤ng c├│ chu tr├¼nh (acyclic).
*   **Rß╗½ng (Forest)** l├á mß╗Öt ─æß╗ô thß╗ï kh├┤ng c├│ chu tr├¼nh (no cycles) nh╞░ng kh├┤ng nhß║Ñt thiß║┐t phß║úi li├¬n th├┤ng (not necessarily connected).

─Éiß╗âm kh├íc biß╗çt ch├¡nh l├á t├¡nh li├¬n th├┤ng: mß╗Öt c├óy lu├┤n li├¬n th├┤ng, trong khi mß╗Öt rß╗½ng c├│ thß╗â kh├┤ng li├¬n th├┤ng.",1,1,1,1,t,0.32989690721649484,1,0.8104080309558022,0.9999999999666667,1,ragas-service:gemini,f,171,13,22242,COMPLETED,,2026-07-13 04:32:53.787917
MAIN_RAG_HIERARCHICAL_BGE_M3_V1,Q020,RAG,FULL_PIPELINE,HIERARCHICAL,BGE_M3,"K├╜ hiß╗çu Big-O, Big-Omega v├á Big-Theta ─æß║íi diß╗çn cho c├íc tß║¡p hß╗úp h├ám n├áo?",Big-O (O) l├á tß║¡p hß╗úp c├íc h├ám t─âng kh├┤ng nhanh h╞ín g(n). Big-Omega (╬⌐) l├á tß║¡p hß╗úp c├íc h├ám t─âng ├¡t nhß║Ñt bß║▒ng mß╗⌐c cß╗ºa g(n). Big-Theta (╬ÿ) l├á tß║¡p hß╗úp c├íc h├ám t─âng c├╣ng tß╗æc ─æß╗Ö vß╗¢i g(n).,"T├ái liß╗çu ─æ╞░ß╗úc cung cß║Ñp kh├┤ng ─æß╗ïnh ngh─⌐a k├╜ hiß╗çu Big-O, Big-Omega v├á Big-Theta ─æß║íi diß╗çn cho c├íc tß║¡p hß╗úp h├ám n├áo.",1,1,1,1,t,0.27118644067796616,0,0,0,0,ragas-service:gemini,f,191,10,13319,COMPLETED,,2026-07-13 04:33:07.122664
MAIN_RAG_HIERARCHICAL_BGE_M3_V1,Q021,RAG,FULL_PIPELINE,HIERARCHICAL,BGE_M3,Kß║┐ hoß║ích chung ─æß╗â ph├ón t├¡ch hiß╗çu quß║ú thß╗¥i gian cß╗ºa mß╗Öt thuß║¡t to├ín kh├┤ng ─æß╗ç quy gß╗ôm nhß╗»ng b╞░ß╗¢c n├áo?,"C├íc b╞░ß╗¢c bao gß╗ôm: (1) X├íc ─æß╗ïnh tham sß╗æ chß╗ë k├¡ch th╞░ß╗¢c ─æß║ºu v├áo n; (2) X├íc ─æß╗ïnh ph├⌐p to├ín c╞í bß║ún; (3) Kiß╗âm tra xem sß╗æ lß║ºn thß╗▒c thi c├│ phß╗Ñ thuß╗Öc v├áo c├íc ─æß║ºu v├áo kh├íc nhau c├╣ng k├¡ch th╞░ß╗¢c kh├┤ng (─æß╗â t├¡nh worst, average, best case); (4) Thiß║┐t lß║¡p tß╗òng sß╗æ lß║ºn ph├⌐p to├ín c╞í bß║ún ─æ╞░ß╗úc thß╗▒c thi; (5) ─É╞ín giß║ún h├│a tß╗òng bß║▒ng c├íc c├┤ng thß╗⌐c v├á quy tß║»c chuß║⌐n.","─Éß╗â ph├ón t├¡ch hiß╗çu quß║ú thß╗¥i gian cß╗ºa mß╗Öt thuß║¡t to├ín kh├┤ng ─æß╗ç quy, kß║┐ hoß║ích chung bao gß╗ôm c├íc b╞░ß╗¢c sau:
1.  **X├íc ─æß╗ïnh tham sß╗æ n** biß╗âu thß╗ï k├¡ch th╞░ß╗¢c ─æß║ºu v├áo.
2.  **X├íc ─æß╗ïnh thao t├íc c╞í bß║ún** cß╗ºa thuß║¡t to├ín.
3.  **X├íc ─æß╗ïnh c├íc tr╞░ß╗¥ng hß╗úp xß║Ñu nhß║Ñt, trung b├¼nh v├á tß╗æt nhß║Ñt** cho ─æß║ºu v├áo c├│ k├¡ch th╞░ß╗¢c n.
4.  **Thiß║┐t lß║¡p tß╗òng** sß╗æ lß║ºn thao t├íc c╞í bß║ún ─æ╞░ß╗úc thß╗▒c hiß╗çn.
5.  **─É╞ín giß║ún h├│a tß╗òng** bß║▒ng c├ích sß╗¡ dß╗Ñng c├íc c├┤ng thß╗⌐c v├á quy tß║»c chuß║⌐n.",1,1,1,1,t,0.4761904761904762,1,0.8737857454935952,0.99999999995,1,ragas-service:gemini,f,155,7,26038,COMPLETED,,2026-07-13 04:33:33.164729
MAIN_RAG_HIERARCHICAL_BGE_M3_V1,Q022,RAG,FULL_PIPELINE,HIERARCHICAL,BGE_M3,Tr╞░ß╗¥ng hß╗úp xß║Ñu nhß║Ñt (Worst-case) v├á Tr╞░ß╗¥ng hß╗úp trung b├¼nh (Average-case) kh├íc nhau thß║┐ n├áo?,"Tr╞░ß╗¥ng hß╗úp xß║Ñu nhß║Ñt l├á thß╗¥i gian tß╗æi ─æa thuß║¡t to├ín thß╗▒c thi tr├¬n c├íc ─æß║ºu v├áo c├│ k├¡ch th╞░ß╗¢c n. Tr╞░ß╗¥ng hß╗úp trung b├¼nh l├á sß╗æ lß║ºn thß╗▒c thi kß╗│ vß╗ìng cß╗ºa ph├⌐p to├ín c╞í bß║ún (nh╞░ mß╗Öt biß║┐n ngß║½u nhi├¬n) tr├¬n c├íc ─æß║ºu v├áo ─æiß╗ân h├¼nh c├│ k├¡ch th╞░ß╗¢c n, chß╗⌐ kh├┤ng phß║úi l├á trung b├¼nh cß╗Öng cß╗ºa tr╞░ß╗¥ng hß╗úp tß╗æt nhß║Ñt v├á xß║Ñu nhß║Ñt.","Sß╗▒ kh├íc biß╗çt giß╗»a tr╞░ß╗¥ng hß╗úp xß║Ñu nhß║Ñt (Worst-case) v├á tr╞░ß╗¥ng hß╗úp trung b├¼nh (Average-case) trong ph├ón t├¡ch hiß╗çu suß║Ñt thuß║¡t to├ín l├á:

*   **Tr╞░ß╗¥ng hß╗úp xß║Ñu nhß║Ñt (Worst case - Cworst(n))**: L├á sß╗æ lß║ºn thß╗▒c hiß╗çn ph├⌐p to├ín c╞í bß║ún tß╗æi ─æa (maximum) tr├¬n tß║Ñt cß║ú c├íc ─æß║ºu v├áo c├│ k├¡ch th╞░ß╗¢c `n`.
*   **Tr╞░ß╗¥ng hß╗úp trung b├¼nh (Average case - Cavg(n))**: L├á sß╗æ lß║ºn thß╗▒c hiß╗çn ph├⌐p to├ín c╞í bß║ún ""trung b├¼nh"" tr├¬n c├íc ─æß║ºu v├áo c├│ k├¡ch th╞░ß╗¢c `n`. N├│ ─æ╞░ß╗úc hiß╗âu l├á sß╗æ lß║ºn thß╗▒c hiß╗çn mong ─æß╗úi cß╗ºa ph├⌐p to├ín c╞í bß║ún, coi nh╞░ mß╗Öt biß║┐n ngß║½u nhi├¬n d╞░ß╗¢i mß╗Öt sß╗æ giß║ú ─æß╗ïnh vß╗ü ph├ón phß╗æi x├íc suß║Ñt cß╗ºa tß║Ñt cß║ú c├íc ─æß║ºu v├áo c├│ thß╗â c├│. Tr╞░ß╗¥ng hß╗úp trung b├¼nh **kh├┤ng phß║úi** l├á trung b├¼nh cß╗Öng cß╗ºa tr╞░ß╗¥ng hß╗úp xß║Ñu nhß║Ñt v├á tr╞░ß╗¥ng hß╗úp tß╗æt nhß║Ñt.",1,1,1,1,t,0.35121951219512193,1,0.8536858222010743,0.9999999999666667,1,ragas-service:gemini,f,174,16,24063,COMPLETED,,2026-07-13 04:33:57.233897
MAIN_RAG_HIERARCHICAL_BGE_M3_V1,Q023,RAG,FULL_PIPELINE,HIERARCHICAL,BGE_M3,Ph├⌐p to├ín c╞í bß║ún (Basic operation) cß╗ºa mß╗Öt thuß║¡t to├ín l├á g├¼?,Ph├⌐p to├ín c╞í bß║ún l├á ph├⌐p to├ín ─æ├│ng g├│p nhiß╗üu nhß║Ñt v├áo tß╗òng thß╗¥i gian chß║íy cß╗ºa mß╗Öt thuß║¡t to├ín.,Ph├⌐p to├ín c╞í bß║ún cß╗ºa mß╗Öt thuß║¡t to├ín l├á thao t├íc ─æ├│ng g├│p nhiß╗üu nhß║Ñt v├áo thß╗¥i gian chß║íy cß╗ºa thuß║¡t to├ín.,1,1,0.25,0.43067655807339306,t,0.761904761904762,1,0.8467607743374256,0.32499999998375,1,ragas-service:gemini,f,107,7,12908,COMPLETED,,2026-07-13 04:34:10.1517
MAIN_RAG_HIERARCHICAL_BGE_M3_V1,Q024,RAG,FULL_PIPELINE,HIERARCHICAL,BGE_M3,Khi n├áo th├¼ ├íp dß╗Ñng Master Theorem (─Éß╗ïnh l├╜ thß╗ú) v├á c├┤ng thß╗⌐c cß╗ºa n├│ l├á g├¼?,"Master Theorem ─æ╞░ß╗úc d├╣ng ─æß╗â giß║úi c├íc ph╞░╞íng tr├¼nh ─æß╗ç quy c├│ dß║íng giß║úm ─æi mß╗Öt hß╗ç sß╗æ kh├┤ng ─æß╗òi, cß╗Ñ thß╗â l├á ph╞░╞íng tr├¼nh dß║íng T(n) = aT(n/b) + f(n), trong ─æ├│ f(n) Γêê ╬ÿ(n^k) vß╗¢i k>=0.","─Éß╗ïnh l├╜ Thß╗ú (Master Theorem) ─æ╞░ß╗úc ├íp dß╗Ñng cho c├íc c├┤ng thß╗⌐c truy hß╗ôi giß║úm theo hß║▒ng sß╗æ (Decrease-by-a-constant-factor recurrences).

C├┤ng thß╗⌐c cß╗ºa ─æß╗ïnh l├╜ Thß╗ú l├á:
`T(n) = aT(n/b) + f(n)`

Trong ─æ├│:
*   `f(n) Γêê ╬ÿ(nk)`, vß╗¢i `k >= 0`.",1,1,0.5,0.6309297535714574,t,0.3888888888888889,1,0.79287737931136,0.5833333333041666,1,ragas-service:gemini,f,192,9,17454,COMPLETED,,2026-07-13 04:34:27.612583
MAIN_RAG_HIERARCHICAL_BGE_M3_V1,Q025,RAG,FULL_PIPELINE,HIERARCHICAL,BGE_M3,Smoothness Rule (Quy tß║»c ─æß╗Ö m╞░ß╗út) ph├ít biß╗âu ─æiß╗üu g├¼?,"Quy tß║»c ─æß╗Ö m╞░ß╗út ph├ít biß╗âu rß║▒ng nß║┐u T(n) l├á mß╗Öt h├ám kh├┤ng giß║úm v├á f(n) l├á mß╗Öt h├ám m╞░ß╗út (nh╞░ logn, n, nlogn), nß║┐u T(n) Γêê ╬ÿ(f(n)) vß╗¢i c├íc gi├í trß╗ï cß╗ºa n l├á l┼⌐y thß╗½a cß╗ºa b (b>=2), th├¼ T(n) Γêê ╬ÿ(f(n)) vß╗¢i mß╗ìi n.","Quy tß║»c ─æß╗Ö m╞░ß╗út ph├ít biß╗âu nh╞░ sau:

Cho T(n) l├á mß╗Öt h├ám sß╗æ cuß╗æi c├╣ng kh├┤ng giß║úm (eventually nondecreasing) v├á f(n) l├á mß╗Öt h├ám sß╗æ m╞░ß╗út (smooth function). Nß║┐u T(n) Γêê ╬ÿ (f(n)) ─æß╗æi vß╗¢i c├íc gi├í trß╗ï n l├á l┼⌐y thß╗½a cß╗ºa b (vß╗¢i b >= 2), th├¼ T(n) Γêê ╬ÿ (f(n)) cho bß║Ñt kß╗│ gi├í trß╗ï n n├áo.

(Mß╗Öt h├ám f(n) ─æ╞░ß╗úc gß╗ìi l├á m╞░ß╗út nß║┐u n├│ cuß╗æi c├╣ng kh├┤ng giß║úm v├á f(2n) Γêê ╬ÿ (f(n)).)",1,1,1,1,t,0.4444444444444444,0.6,0.862278035216204,0.8333333332916666,1,ragas-service:gemini,f,145,10,20620,COMPLETED,,2026-07-13 04:34:48.241355
MAIN_RAG_HIERARCHICAL_BGE_M3_V1,Q026,RAG,FULL_PIPELINE,HIERARCHICAL,BGE_M3,Brute Force (V├⌐t cß║ín) trong thiß║┐t kß║┐ thuß║¡t to├ín l├á g├¼?,"Brute Force l├á mß╗Öt c├ích tiß║┐p cß║¡n trß╗▒c tiß║┐p v├á thß║│ng thß║»n ─æß╗â giß║úi quyß║┐t vß║Ñn ─æß╗ü, th╞░ß╗¥ng dß╗▒a trß╗▒c tiß║┐p v├áo ph├ít biß╗âu cß╗ºa b├ái to├ín v├á c├íc ─æß╗ïnh ngh─⌐a cß╗ºa c├íc kh├íi niß╗çm li├¬n quan.","Brute Force (V├⌐t cß║ín) l├á mß╗Öt c├ích tiß║┐p cß║¡n thuß║¡t to├ín thß║│ng thß║»n, th╞░ß╗¥ng dß╗▒a trß╗▒c tiß║┐p v├áo ph├ít biß╗âu cß╗ºa vß║Ñn ─æß╗ü v├á ─æß╗ïnh ngh─⌐a c├íc kh├íi niß╗çm li├¬n quan.",1,1,1,1,t,0.7941176470588235,1,0.8462623103814179,0.9999999999,1,ragas-service:gemini,f,136,7,13835,COMPLETED,,2026-07-13 04:35:02.080512
MAIN_RAG_HIERARCHICAL_BGE_M3_V1,Q027,RAG,FULL_PIPELINE,HIERARCHICAL,BGE_M3,Ph╞░╞íng ph├íp Brute Force c├│ nhß╗»ng ─æiß╗âm mß║ính v├á ─æiß╗âm yß║┐u n├áo?,"─Éiß╗âm mß║ính: ß╗¿ng dß╗Ñng rß╗Öng r├úi, ─æ╞ín giß║ún, tß║ío ra thuß║¡t to├ín hß╗úp l├╜ cho mß╗Öt sß╗æ b├ái to├ín quan trß╗ìng (nh╞░ nh├ón ma trß║¡n, sß║»p xß║┐p, t├¼m kiß║┐m). ─Éiß╗âm yß║┐u: Hiß║┐m khi tß║ío ra c├íc thuß║¡t to├ín tß╗æi ╞░u, mß╗Öt sß╗æ thuß║¡t to├ín Brute Force chß║¡m ß╗ƒ mß╗⌐c kh├┤ng thß╗â chß║Ñp nhß║¡n ─æ╞░ß╗úc, v├á n├│ kh├┤ng mang t├¡nh x├óy dß╗▒ng nh╞░ c├íc kß╗╣ thuß║¡t thiß║┐t kß║┐ kh├íc.","Ph╞░╞íng ph├íp Brute Force c├│ c├íc ─æiß╗âm mß║ính v├á ─æiß╗âm yß║┐u sau:

**─Éiß╗âm mß║ính:**
*   Phß║ím vi ├íp dß╗Ñng rß╗Öng.
*   ─É╞ín giß║ún.
*   Mang lß║íi c├íc thuß║¡t to├ín hß╗úp l├╜ cho mß╗Öt sß╗æ b├ái to├ín quan trß╗ìng (v├¡ dß╗Ñ: nh├ón ma trß║¡n, sß║»p xß║┐p, t├¼m kiß║┐m, ─æß╗æi s├ính chuß╗ùi).

**─Éiß╗âm yß║┐u:**
*   Hiß║┐m khi cho ra c├íc thuß║¡t to├ín hiß╗çu quß║ú.
*   Mß╗Öt sß╗æ thuß║¡t to├ín Brute Force chß║¡m ─æß║┐n mß╗⌐c kh├┤ng thß╗â chß║Ñp nhß║¡n ─æ╞░ß╗úc.
*   Kh├┤ng mang t├¡nh x├óy dß╗▒ng bß║▒ng mß╗Öt sß╗æ kß╗╣ thuß║¡t thiß║┐t kß║┐ kh├íc.",1,1,0.5,0.6309297535714574,t,0.6013071895424836,1,0.8844833306255641,0.4499999999775,1,ragas-service:gemini,f,131,10,16913,COMPLETED,,2026-07-13 04:35:19.004707
MAIN_RAG_HIERARCHICAL_BGE_M3_V1,Q028,RAG,FULL_PIPELINE,HIERARCHICAL,BGE_M3,Thuß║¡t to├ín sß║»p xß║┐p chß╗ìn (Selection Sort) sß╗¡ dß╗Ñng ph╞░╞íng ph├íp Brute Force nh╞░ thß║┐ n├áo?,"N├│ qu├⌐t to├án bß╗Ö mß║úng ─æß╗â t├¼m phß║ºn tß╗¡ nhß╗Å nhß║Ñt v├á ho├ín ─æß╗òi n├│ vß╗¢i phß║ºn tß╗¡ ─æß║ºu ti├¬n. Sau ─æ├│, bß║»t ─æß║ºu tß╗½ phß║ºn tß╗¡ thß╗⌐ hai, qu├⌐t c├íc phß║ºn tß╗¡ b├¬n phß║úi ─æß╗â t├¼m phß║ºn tß╗¡ nhß╗Å nhß║Ñt trong sß╗æ ─æ├│ v├á ho├ín ─æß╗òi n├│ vß╗¢i phß║ºn tß╗¡ thß╗⌐ hai, tiß║┐p tß╗Ñc lß║╖p lß║íi qu├í tr├¼nh n├áy.","Thuß║¡t to├ín sß║»p xß║┐p chß╗ìn (Selection Sort) sß╗¡ dß╗Ñng ph╞░╞íng ph├íp Brute Force bß║▒ng c├ích tiß║┐p cß║¡n trß╗▒c tiß║┐p dß╗▒a tr├¬n ─æß╗ïnh ngh─⌐a cß╗ºa viß╗çc sß║»p xß║┐p. Cß╗Ñ thß╗â, n├│ thß╗▒c hiß╗çn c├íc b╞░ß╗¢c sau mß╗Öt c├ích ─æ╞ín giß║ún v├á r├╡ r├áng:

1.  **B╞░ß╗¢c 1:** Qu├⌐t to├án bß╗Ö mß║úng ─æß╗â t├¼m phß║ºn tß╗¡ nhß╗Å nhß║Ñt.
2.  **B╞░ß╗¢c 2:** Ho├ín ─æß╗òi phß║ºn tß╗¡ nhß╗Å nhß║Ñt ─æ├│ vß╗¢i phß║ºn tß╗¡ ─æß║ºu ti├¬n cß╗ºa mß║úng.
3.  **B╞░ß╗¢c 3:** Tiß║┐p tß╗Ñc quy tr├¼nh n├áy, bß║»t ─æß║ºu tß╗½ phß║ºn tß╗¡ thß╗⌐ hai, qu├⌐t c├íc phß║ºn tß╗¡ c├▓n lß║íi ─æß╗â t├¼m phß║ºn tß╗¡ nhß╗Å nhß║Ñt trong sß╗æ ch├║ng v├á ho├ín ─æß╗òi n├│ vß╗¢i phß║ºn tß╗¡ thß╗⌐ hai.
4.  **Tß╗òng qu├ít:** ß╗₧ mß╗ùi b╞░ß╗¢c `i` (tß╗½ 0 ─æß║┐n `n-2`), thuß║¡t to├ín t├¼m phß║ºn tß╗¡ nhß╗Å nhß║Ñt trong ─æoß║ín `A[i..n-1]` v├á ho├ín ─æß╗òi n├│ vß╗¢i `A[i]`.

─É├óy l├á mß╗Öt c├ích tiß║┐p cß║¡n ""thß║│ng thß╗½ng"" dß╗▒a trß╗▒c tiß║┐p v├áo y├¬u cß║ºu cß╗ºa b├ái to├ín sß║»p xß║┐p, ph├╣ hß╗úp vß╗¢i ─æß╗ïnh ngh─⌐a cß╗ºa ph╞░╞íng ph├íp Brute Force.",1,1,1,1,t,0.27312775330396477,1,0.8774246797498044,0.99999999995,1,ragas-service:gemini,f,148,8,26127,COMPLETED,,2026-07-13 04:35:45.142652
MAIN_RAG_HIERARCHICAL_BGE_M3_V1,Q029,RAG,FULL_PIPELINE,HIERARCHICAL,BGE_M3,─Éß╗Ö phß╗⌐c tß║íp thß╗¥i gian trong tr╞░ß╗¥ng hß╗úp xß║Ñu nhß║Ñt cß╗ºa thuß║¡t to├ín Brute-Force String Matching l├á bao nhi├¬u?,"─Éß╗Ö phß╗⌐c tß║íp thß╗¥i gian trong tr╞░ß╗¥ng hß╗úp xß║Ñu nhß║Ñt l├á O(mn) sß╗æ lß║ºn so s├ính, vß╗¢i n l├á ─æß╗Ö d├ái cß╗ºa v─ân bß║ún v├á m l├á ─æß╗Ö d├ái cß╗ºa mß║½u (pattern) cß║ºn t├¼m.",C├íc t├ái liß╗çu ─æ╞░ß╗úc cung cß║Ñp kh├┤ng ─æß╗º th├┤ng tin ─æß╗â trß║ú lß╗¥i c├óu hß╗Åi vß╗ü ─æß╗Ö phß╗⌐c tß║íp thß╗¥i gian trong tr╞░ß╗¥ng hß╗úp xß║Ñu nhß║Ñt cß╗ºa thuß║¡t to├ín Brute-Force String Matching.,0,0,0,0,f,0.33333333333333337,1,0,0,0,ragas-service:gemini,f,252,12,14209,COMPLETED,,2026-07-13 04:35:59.367431
MAIN_RAG_HIERARCHICAL_BGE_M3_V1,Q030,RAG,FULL_PIPELINE,HIERARCHICAL,BGE_M3,Exhaustive Search (T├¼m kiß║┐m cß║ín kiß╗çt) l├á g├¼?,"Exhaustive Search l├á giß║úi ph├íp Brute Force cho mß╗Öt b├ái to├ín li├¬n quan ─æß║┐n viß╗çc t├¼m kiß║┐m mß╗Öt phß║ºn tß╗¡ c├│ ─æß║╖c t├¡nh ─æß║╖c biß╗çt, th╞░ß╗¥ng nß║▒m trong c├íc ─æß╗æi t╞░ß╗úng tß╗ò hß╗úp nh╞░ ho├ín vß╗ï, tß╗ò hß╗úp hoß║╖c tß║¡p con cß╗ºa mß╗Öt tß║¡p hß╗úp.","Exhaustive Search (T├¼m kiß║┐m cß║ín kiß╗çt) l├á mß╗Öt giß║úi ph├íp v├⌐t cß║ín (brute force) cho mß╗Öt b├ái to├ín li├¬n quan ─æß║┐n viß╗çc t├¼m kiß║┐m mß╗Öt phß║ºn tß╗¡ c├│ thuß╗Öc t├¡nh ─æß║╖c biß╗çt, th╞░ß╗¥ng l├á trong sß╗æ c├íc ─æß╗æi t╞░ß╗úng tß╗ò hß╗úp nh╞░ ho├ín vß╗ï, tß╗ò hß╗úp hoß║╖c tß║¡p con cß╗ºa mß╗Öt tß║¡p hß╗úp.",1,1,1,1,t,0.7551020408163266,1,0.8514456605291132,0.99999999995,1,ragas-service:gemini,f,173,14,17362,COMPLETED,,2026-07-13 04:36:16.738696
MAIN_RAG_HIERARCHICAL_BGE_M3_V1,Q031,RAG,FULL_PIPELINE,HIERARCHICAL,BGE_M3,Mß╗Ñc ti├¬u cß╗ºa b├ái to├ín Ng╞░ß╗¥i ch├áo h├áng (Traveling Salesman Problem - TSP) l├á g├¼?,"Cho n th├ánh phß╗æ vß╗¢i khoß║úng c├ích giß╗»a mß╗ùi cß║╖p ─æ├ú biß║┐t, b├ái to├ín y├¬u cß║ºu t├¼m mß╗Öt chuyß║┐n ─æi ngß║»n nhß║Ñt ─æi qua tß║Ñt cß║ú c├íc th├ánh phß╗æ ─æ├║ng mß╗Öt lß║ºn tr╞░ß╗¢c khi quay trß╗ƒ lß║íi th├ánh phß╗æ xuß║Ñt ph├ít (t├¼m chu tr├¼nh Hamilton ngß║»n nhß║Ñt).","Mß╗Ñc ti├¬u cß╗ºa b├ái to├ín Ng╞░ß╗¥i ch├áo h├áng (Traveling Salesman Problem - TSP) l├á t├¼m mß╗Öt h├ánh tr├¼nh ngß║»n nhß║Ñt ─æi qua tß║Ñt cß║ú n th├ánh phß╗æ ─æ├ú cho, mß╗ùi th├ánh phß╗æ ─æ├║ng mß╗Öt lß║ºn, sau ─æ├│ quay trß╗ƒ lß║íi th├ánh phß╗æ xuß║Ñt ph├ít. Hay n├│i c├ích kh├íc, t├¼m chu tr├¼nh Hamilton ngß║»n nhß║Ñt trong mß╗Öt ─æß╗ô thß╗ï c├│ trß╗ìng sß╗æ v├á li├¬n th├┤ng.",1,1,1,1,t,0.4909090909090909,1,0.8913561589661843,0.7499999999625,1,ragas-service:gemini,f,136,7,16305,COMPLETED,,2026-07-13 04:36:33.048072
MAIN_RAG_HIERARCHICAL_BGE_M3_V1,Q032,RAG,FULL_PIPELINE,HIERARCHICAL,BGE_M3,"Theo V.I.L├¬nin, vß║¡t chß║Ñt ─æ╞░ß╗úc ─æß╗ïnh ngh─⌐a nh╞░ thß║┐ n├áo?","Vß║¡t chß║Ñt l├á phß║ím tr├╣ triß║┐t hß╗ìc d├╣ng ─æß╗â chß╗ë thß╗▒c tß║íi kh├ích quan ─æ╞░ß╗úc ─æem lß║íi cho con ng╞░ß╗¥i trong cß║úm gi├íc, ─æ╞░ß╗úc cß║úm gi├íc cß╗ºa ch├║ng ta ch├⌐p lß║íi, chß╗Ñp lß║íi, phß║ún ├ính v├á tß╗ôn tß║íi kh├┤ng lß╗ç thuß╗Öc v├áo cß║úm gi├íc.","Theo V.I. L├¬nin, vß║¡t chß║Ñt l├á:

*   Mß╗Öt phß║ím tr├╣ triß║┐t hß╗ìc.
*   D├╣ng ─æß╗â chß╗ë thß╗▒c tß║íi kh├ích quan.
*   ─É╞░ß╗úc ─æem lß║íi cho con ng╞░ß╗¥i trong cß║úm gi├íc.
*   ─É╞░ß╗úc cß║úm gi├íc cß╗ºa ch├║ng ta ch├⌐p lß║íi, chß╗Ñp lß║íi, phß║ún ├ính.
*   Tß╗ôn tß║íi kh├┤ng lß╗ç thuß╗Öc v├áo cß║úm gi├íc.",1,1,1,1,t,0.7692307692307692,1,0.837735024368305,0.99999999995,1,ragas-service:gemini,f,134,8,17541,COMPLETED,,2026-07-13 04:36:50.595647
MAIN_RAG_HIERARCHICAL_BGE_M3_V1,Q033,RAG,FULL_PIPELINE,HIERARCHICAL,BGE_M3,─Éß╗ïnh ngh─⌐a vß║¡t chß║Ñt cß╗ºa L├¬nin giß║úi quyß║┐t mß╗æi quan hß╗ç giß╗»a vß║¡t chß║Ñt v├á ├╜ thß╗⌐c nh╞░ thß║┐ n├áo?,"Theo L├¬nin, vß║¡t chß║Ñt l├á nß╗ün tß║úng, l├á nguß╗ôn gß╗æc cß╗ºa ├╜ thß╗⌐c (vß║¡t chß║Ñt c├│ tr╞░ß╗¢c, ├╜ thß╗⌐c c├│ sau). ─Éß╗ông thß╗¥i, con ng╞░ß╗¥i nhß║¡n thß╗⌐c ─æ╞░ß╗úc thß║┐ giß╗¢i vß║¡t chß║Ñt bß║▒ng c├ích 'ch├⌐p lß║íi, chß╗Ñp lß║íi, phß║ún ├ính' thß║┐ giß╗¢i kh├ích quan ─æ├│.","─Éß╗ïnh ngh─⌐a vß║¡t chß║Ñt cß╗ºa L├¬nin giß║úi quyß║┐t ─æ├║ng ─æß║»n v├á triß╗çt ─æß╗â hai mß║╖t trong vß║Ñn ─æß╗ü c╞í bß║ún cß╗ºa triß║┐t hß╗ìc, tß╗⌐c l├á mß╗æi quan hß╗ç giß╗»a vß║¡t chß║Ñt v├á ├╜ thß╗⌐c:

1.  **Mß║╖t thß╗⌐ nhß║Ñt (Vß║¡t chß║Ñt v├á ├╜ thß╗⌐c):** Khß║│ng ─æß╗ïnh vß║¡t chß║Ñt l├á thß╗▒c tß║íi kh├ích quan, tß╗ôn tß║íi kh├┤ng phß╗Ñ thuß╗Öc v├áo ├╜ thß╗⌐c v├á l├á nguß╗ôn gß╗æc cß╗ºa ├╜ thß╗⌐c.
2.  **Mß║╖t thß╗⌐ hai (Khß║ú n─âng nhß║¡n thß╗⌐c thß║┐ giß╗¢i cß╗ºa con ng╞░ß╗¥i):** Khß║│ng ─æß╗ïnh con ng╞░ß╗¥i c├│ thß╗â nhß║¡n thß╗⌐c ─æ╞░ß╗úc thß║┐ giß╗¢i vß║¡t chß║Ñt th├┤ng qua viß╗çc ""ch├⌐p lß║íi, chß╗Ñp lß║íi, phß║ún ├ính"" thß╗▒c tß║íi kh├ích quan bß║▒ng cß║úm gi├íc.",1,1,0.3333333333333333,0.5,t,0.3116883116883117,1,0.7880380565534804,0.8333333332916666,1,ragas-service:gemini,f,163,8,30758,COMPLETED,,2026-07-13 04:37:21.358325
MAIN_RAG_HIERARCHICAL_BGE_M3_V1,Q034,RAG,FULL_PIPELINE,HIERARCHICAL,BGE_M3,Chß╗º ngh─⌐a duy vß║¡t chß║Ñt ph├íc thß╗¥i cß╗ò ─æß║íi quan niß╗çm vß║¡t chß║Ñt l├á g├¼?,"Chß╗º ngh─⌐a duy vß║¡t chß║Ñt ph├íc thß╗¥i cß╗ò ─æß║íi quan niß╗çm vß║¡t chß║Ñt ─æß╗ông nhß║Ñt vß╗¢i nhß╗»ng dß║íng cß╗Ñ thß╗â cß╗ºa vß║¡t chß║Ñt hoß║╖c nguy├¬n tß╗¡, mang t├¡nh trß╗▒c quan v├á cß║úm t├¡nh.","Chß╗º ngh─⌐a duy vß║¡t chß║Ñt ph├íc thß╗¥i cß╗ò ─æß║íi quan niß╗çm vß║¡t chß║Ñt (VC) l├á nhß╗»ng dß║íng cß╗Ñ thß╗â hoß║╖c nguy├¬n tß╗¡. Quan niß╗çm n├áy mang t├¡nh trß╗▒c quan, cß║úm t├¡nh.",1,1,0.3333333333333333,0.5,t,0.6875,0.5,0.8599353583032913,0.3333333333,1,ragas-service:gemini,f,132,7,19698,COMPLETED,,2026-07-13 04:37:41.059488
MAIN_RAG_HIERARCHICAL_BGE_M3_V1,Q035,RAG,FULL_PIPELINE,HIERARCHICAL,BGE_M3,─éngghen ─æß╗ïnh ngh─⌐a vß║¡n ─æß╗Öng nh╞░ thß║┐ n├áo?,"Vß║¡n ─æß╗Öng l├á mß╗Öt ph╞░╞íng thß╗⌐c tß╗ôn tß║íi cß╗ºa vß║¡t chß║Ñt, l├á mß╗Öt thuß╗Öc t├¡nh cß╗æ hß╗»u cß╗ºa vß║¡t chß║Ñt, bao gß╗ôm tß║Ñt cß║ú mß╗ìi sß╗▒ thay ─æß╗òi v├á mß╗ìi qu├í tr├¼nh diß╗àn ra trong v┼⌐ trß╗Ñ kß╗â tß╗½ sß╗▒ thay ─æß╗òi vß╗ï tr├¡ ─æ╞ín giß║ún cho ─æß║┐n t╞░ duy.","Theo ─éngghen trong t├íc phß║⌐m ""Biß╗çn chß╗⌐ng cß╗ºa tß╗▒ nhi├¬n"", vß║¡n ─æß╗Öng (hiß╗âu theo ngh─⌐a chung nhß║Ñt) l├á mß╗Öt ph╞░╞íng thß╗⌐c tß╗ôn tß║íi, mß╗Öt thuß╗Öc t├¡nh cß╗æ hß╗»u cß╗ºa vß║¡t chß║Ñt. N├│ bao gß╗ôm tß║Ñt cß║ú mß╗ìi sß╗▒ thay ─æß╗òi v├á mß╗ìi qu├í tr├¼nh diß╗àn ra trong v┼⌐ trß╗Ñ, tß╗½ sß╗▒ thay ─æß╗òi vß╗ï tr├¡ ─æ╞ín giß║ún cho ─æß║┐n t╞░ duy.",1,1,1,1,t,0.7207207207207207,1,0.810885104952079,0.999999999975,1,ragas-service:gemini,f,142,8,20942,COMPLETED,,2026-07-13 04:38:02.010013
MAIN_RAG_HIERARCHICAL_BGE_M3_V1,Q036,RAG,FULL_PIPELINE,HIERARCHICAL,BGE_M3,N├¬u 5 h├¼nh thß╗⌐c vß║¡n ─æß╗Öng c╞í bß║ún cß╗ºa vß║¡t chß║Ñt v├á mß╗æi quan hß╗ç giß╗»a ch├║ng.,"5 h├¼nh thß╗⌐c vß║¡n ─æß╗Öng l├á: C╞í hß╗ìc, Vß║¡t l├╜, H├│a hß╗ìc, Sinh hß╗ìc, X├ú hß╗Öi. Mß╗ùi h├¼nh thß╗⌐c t╞░╞íng ß╗⌐ng vß╗¢i mß╗Öt tr├¼nh ─æß╗Ö nhß║Ñt ─æß╗ïnh cß╗ºa vß║¡t chß║Ñt; h├¼nh thß╗⌐c cao nß║úy sinh dß╗▒a tr├¬n h├¼nh thß╗⌐c thß║Ñp v├á bao h├ám h├¼nh thß╗⌐c thß║Ñp h╞ín, nh╞░ng kh├íc vß╗ü chß║Ñt so vß╗¢i h├¼nh thß╗⌐c thß║Ñp.","T├ái liß╗çu ─æ╞░ß╗úc cung cß║Ñp kh├┤ng n├¬u r├╡ 5 h├¼nh thß╗⌐c vß║¡n ─æß╗Öng c╞í bß║ún cß╗ºa vß║¡t chß║Ñt v├á mß╗æi quan hß╗ç giß╗»a ch├║ng. T├ái liß╗çu chß╗ë ─æß╗ü cß║¡p vß║¡n ─æß╗Öng l├á ph╞░╞íng thß╗⌐c tß╗ôn tß║íi, thuß╗Öc t├¡nh cß╗æ hß╗»u cß╗ºa vß║¡t chß║Ñt v├á c├│ c├íc h├¼nh thß╗⌐c vß║¡n ─æß╗Öng.",0,0,0,0,f,0.20754716981132074,0.4,0,0,0,ragas-service:gemini,f,143,7,14495,COMPLETED,,2026-07-13 04:38:16.515395
MAIN_RAG_HIERARCHICAL_BGE_M3_V1,Q037,RAG,FULL_PIPELINE,HIERARCHICAL,BGE_M3,V├¼ sao ─æß╗⌐ng im kh├┤ng phß║úi l├á trß║íng th├íi tuyß╗çt ─æß╗æi cß╗ºa vß║¡t chß║Ñt?,"V├¼ ─æß╗⌐ng im chß╗ë l├á mß╗Öt biß╗âu hiß╗çn cß╗ºa vß║¡n ─æß╗Öng - ─æ├│ l├á trß║íng th├íi vß║¡n ─æß╗Öng trong sß╗▒ th─âng bß║▒ng, ß╗òn ─æß╗ïnh t╞░╞íng ─æß╗æi. Do ─æ├│ ─æß╗⌐ng im chß╗ë mang t├¡nh chß║Ñt t╞░╞íng ─æß╗æi v├á tß║ím thß╗¥i.","─Éß╗⌐ng im kh├┤ng phß║úi l├á trß║íng th├íi tuyß╗çt ─æß╗æi cß╗ºa vß║¡t chß║Ñt v├¼:
*   ─Éß╗⌐ng im l├á mß╗Öt biß╗âu hiß╗çn cß╗ºa vß║¡n ─æß╗Öng, cß╗Ñ thß╗â l├á vß║¡n ─æß╗Öng trong trß║íng th├íi th─âng bß║▒ng, ß╗òn ─æß╗ïnh t╞░╞íng ─æß╗æi.
*   Vß║¡n ─æß╗Öng l├á ph╞░╞íng thß╗⌐c tß╗ôn tß║íi v├á thuß╗Öc t├¡nh cß╗æ hß╗»u cß╗ºa vß║¡t chß║Ñt, vß║¡t chß║Ñt chß╗ë c├│ thß╗â tß╗ôn tß║íi bß║▒ng c├ích vß║¡n ─æß╗Öng v├á th├┤ng qua vß║¡n ─æß╗Öng ─æß╗â biß╗âu hiß╗çn sß╗▒ tß╗ôn tß║íi cß╗ºa m├¼nh.",1,1,1,1,t,0.4247787610619469,1,0.8895189277577398,0.9166666666361111,0.5,ragas-service:gemini,f,141,7,21292,COMPLETED,,2026-07-13 04:38:37.810006
MAIN_RAG_HIERARCHICAL_BGE_M3_V1,Q038,RAG,FULL_PIPELINE,HIERARCHICAL,BGE_M3,Kh├┤ng gian v├á thß╗¥i gian c├│ nhß╗»ng t├¡nh chß║Ñt g├¼ theo Triß║┐t hß╗ìc M├íc - L├¬nin?,"Kh├┤ng gian (quß║úng t├¡nh, 3 chiß╗üu) v├á thß╗¥i gian (diß╗àn biß║┐n, 1 chiß╗üu) l├á h├¼nh thß╗⌐c tß╗ôn tß║íi, thuß╗Öc t├¡nh cß╗æ hß╗»u cß╗ºa vß║¡t chß║Ñt. Ch├║ng kh├┤ng t├ích rß╗¥i nhau, v├á ─æß╗üu mang t├¡nh v├┤ tß║¡n.","Theo t├ái liß╗çu, kh├┤ng gian v├á thß╗¥i gian c├│ nhß╗»ng t├¡nh chß║Ñt sau:
*   L├á h├¼nh thß╗⌐c tß╗ôn tß║íi, thuß╗Öc t├¡nh cß╗æ hß╗»u cß╗ºa vß║¡t chß║Ñt.
*   Kh├┤ng t├ích rß╗¥i nhau.
*   L├á v├┤ tß║¡n.",1,1,1,1,t,0.6176470588235293,0,0.7685132381941004,0.9999999999,0.5,ragas-service:gemini,f,135,8,27337,COMPLETED,,2026-07-13 04:39:05.151729
MAIN_RAG_HIERARCHICAL_BGE_M3_V1,Q039,RAG,FULL_PIPELINE,HIERARCHICAL,BGE_M3,Ba tiß╗ün ─æß╗ü l├╜ luß║¡n (nguß╗ôn gß╗æc l├╜ luß║¡n trß╗▒c tiß║┐p) h├¼nh th├ánh n├¬n triß║┐t hß╗ìc M├íc l├á g├¼?,"Ba tiß╗ün ─æß╗ü l├╜ luß║¡n bao gß╗ôm: Triß║┐t hß╗ìc Cß╗ò ─æiß╗ân ─Éß╗⌐c, Kinh tß║┐ ch├¡nh trß╗ï cß╗ò ─æiß╗ân Anh, v├á Chß╗º ngh─⌐a x├ú hß╗Öi kh├┤ng t╞░ß╗ƒng Ph├íp.","Ba tiß╗ün ─æß╗ü l├╜ luß║¡n (nguß╗ôn gß╗æc l├╜ luß║¡n trß╗▒c tiß║┐p) h├¼nh th├ánh n├¬n triß║┐t hß╗ìc M├íc l├á:
1.  Triß║┐t hß╗ìc Cß╗ò ─æiß╗ân ─Éß╗⌐c (─æß║╖c biß╗çt l├á PBC Hegel)
2.  Kinh tß║┐ ch├¡nh trß╗ï cß╗ò ─æiß╗ân Anh
3.  Chß╗º ngh─⌐a x├ú hß╗Öi kh├┤ng t╞░ß╗ƒng Ph├íp",1,1,0.25,0.43067655807339306,t,0.611111111111111,1,0.7711479999781076,0.249999999975,1,ragas-service:gemini,f,159,8,27466,COMPLETED,,2026-07-13 04:39:32.623682
MAIN_RAG_HIERARCHICAL_BGE_M3_V1,Q040,RAG,FULL_PIPELINE,HIERARCHICAL,BGE_M3,Ba ph├ít minh khoa hß╗ìc n├áo ß╗ƒ thß║┐ kß╗╖ 19 l├á tiß╗ün ─æß╗ü khoa hß╗ìc cho sß╗▒ ra ─æß╗¥i cß╗ºa triß║┐t hß╗ìc M├íc?,"─É├│ l├á: ─Éß╗ïnh luß║¡t bß║úo to├án v├á chuyß╗ân h├│a n─âng l╞░ß╗úng, Thuyß║┐t tß║┐ b├áo, v├á Thuyß║┐t tiß║┐n h├│a.","Ba ph├ít minh khoa hß╗ìc l├á tiß╗ün ─æß╗ü cho sß╗▒ ra ─æß╗¥i cß╗ºa triß║┐t hß╗ìc M├íc bao gß╗ôm:
*   ─Éß╗ïnh luß║¡t bß║úo to├án v├á chuyß╗ân h├│a n─âng l╞░ß╗úng
*   Thuyß║┐t tß║┐ b├áo
*   Thuyß║┐t tiß║┐n h├│a",1,1,0.2,0.38685280723454163,t,0.5490196078431373,1,0.8497776928971423,0.19999999998,1,ragas-service:gemini,f,175,11,19206,COMPLETED,,2026-07-13 04:39:51.839361
MAIN_RAG_HIERARCHICAL_BGE_M3_V1,Q041,RAG,FULL_PIPELINE,HIERARCHICAL,BGE_M3,Tr├¼nh b├áy nhß╗»ng ─æiß╗âm cß╗æt l├╡i trong thß╗▒c chß║Ñt cuß╗Öc c├ích mß║íng triß║┐t hß╗ìc do M├íc v├á ─éngghen thß╗▒c hiß╗çn.,"M├íc v├á ─éngghen ─æ├ú tß║ío ra Chß╗º ngh─⌐a duy vß║¡t biß╗çn chß╗⌐ng (thß╗æng nhß║Ñt chß╗º ngh─⌐a duy vß║¡t v├á ph├⌐p biß╗çn chß╗⌐ng), tß║ío n├¬n Chß╗º ngh─⌐a duy vß║¡t lß╗ïch sß╗¡ (mß╗ƒ rß╗Öng duy vß║¡t biß╗çn chß╗⌐ng tß╗½ tß╗▒ nhi├¬n sang x├ú hß╗Öi), v├á tß║ío ra sß╗▒ thß╗æng nhß║Ñt giß╗»a l├╜ luß║¡n v├á thß╗▒c tiß╗àn (─æ├óy l├á nguy├¬n tß║»c tß╗æi cao cß╗ºa triß║┐t hß╗ìc M├íc).","Thß╗▒c chß║Ñt cuß╗Öc c├ích mß║íng triß║┐t hß╗ìc do Marx v├á Engels thß╗▒c hiß╗çn cß╗æt l├╡i ß╗ƒ viß╗çc:
*   Thß╗æng nhß║Ñt giß╗»a l├╜ luß║¡n v├á thß╗▒c tiß╗àn. ─É├óy ─æ╞░ß╗úc xem l├á nguy├¬n tß║»c tß╗æi cao cß╗ºa triß║┐t hß╗ìc Marx.",1,1,1,1,t,0.33663366336633666,1,0.8227867562736652,0.19999999998,0.3333333333333333,ragas-service:gemini,f,216,14,21303,COMPLETED,,2026-07-13 04:40:13.15604
MAIN_RAG_HIERARCHICAL_BGE_M3_V1,Q042,RAG,FULL_PIPELINE,HIERARCHICAL,BGE_M3,V.I. L├¬nin c├│ nhß╗»ng ─æ├│ng g├│p n├áo trong viß╗çc bß║úo vß╗ç v├á ph├ít triß╗ân triß║┐t hß╗ìc M├íc?,"Trong ho├án cß║únh CNTB chuyß╗ân sang ─æß╗Öc quyß╗ün v├á khoa hß╗ìc tß╗▒ nhi├¬n khß╗ºng hoß║úng, L├¬nin ─æ├ú bß║úo vß╗ç, bß╗ò sung v├á ho├án thiß╗çn triß║┐t hß╗ìc M├íc; chuß║⌐n bß╗ï v├á l├únh ─æß║ío c├ích mß║íng v├┤ sß║ún th├ánh c├┤ng (C├ích mß║íng th├íng M╞░ß╗¥i Nga); v├á ph├ít triß╗ân triß║┐t hß╗ìc M├íc trong giai ─æoß║ín x├óy dß╗▒ng chß╗º ngh─⌐a x├ú hß╗Öi.","V.I. L├¬nin ─æ├ú c├│ nhß╗»ng ─æ├│ng g├│p trong viß╗çc bß║úo vß╗ç v├á ph├ít triß╗ân triß║┐t hß╗ìc Marx qua c├íc giai ─æoß║ín sau:

*   **1893-1907:** Bß║úo vß╗ç triß║┐t hß╗ìc Marx v├á chuß║⌐n bß╗ï cho c├ích mß║íng d├ón chß╗º t╞░ sß║ún.
*   **1907-1917:** Ph├ít triß╗ân triß║┐t hß╗ìc Marx v├á chuß║⌐n bß╗ï cho c├ích mß║íng x├ú hß╗Öi chß╗º ngh─⌐a.
*   **1917-1924:** Bß╗ò sung, ho├án thiß╗çn triß║┐t hß╗ìc Marx v├á x├óy dß╗▒ng chß╗º ngh─⌐a x├ú hß╗Öi.",1,1,0.5,0.6309297535714574,t,0.4251968503937008,1,0.8408231895288997,0.49999999995,0.3333333333333333,ragas-service:gemini,f,197,13,22493,COMPLETED,,2026-07-13 04:40:35.672986
MAIN_RAG_HIERARCHICAL_BGE_M3_V1,Q043,RAG,FULL_PIPELINE,HIERARCHICAL,BGE_M3,Tß║íi sao sß╗▒ thß╗æng nhß║Ñt giß╗»a l├╜ luß║¡n v├á thß╗▒c tiß╗àn ─æ╞░ß╗úc xem l├á nguy├¬n tß║»c tß╗æi cao cß╗ºa triß║┐t hß╗ìc M├íc?,Bß╗ƒi v├¼ n├│ gß║»n kß║┐t triß║┐t hß╗ìc vß╗¢i cuß╗Öc ─æß║Ñu tranh giß║úi ph├│ng giai cß║Ñp v├┤ sß║ún. Triß║┐t hß╗ìc kh├┤ng chß╗ë d├╣ng ─æß╗â giß║úi th├¡ch thß║┐ giß╗¢i m├á c├▓n l├á v┼⌐ kh├¡ l├╜ luß║¡n cß║úi tß║ío thß║┐ giß╗¢i th├┤ng qua thß╗▒c tiß╗àn c├ích mß║íng.,"C├íc t├ái liß╗çu ─æ╞░ß╗úc cung cß║Ñp chß╗ë n├¬u rß║▒ng sß╗▒ thß╗æng nhß║Ñt giß╗»a l├╜ luß║¡n v├á thß╗▒c tiß╗àn l├á nguy├¬n tß║»c tß╗æi cao cß╗ºa triß║┐t hß╗ìc Marx v├á l├á thß╗▒c chß║Ñt cuß╗Öc c├ích mß║íng trong triß║┐t hß╗ìc do Marx v├á Engels thß╗▒c hiß╗çn, nh╞░ng kh├┤ng giß║úi th├¡ch l├╜ do tß║íi sao n├│ ─æ╞░ß╗úc xem l├á nguy├¬n tß║»c tß╗æi cao.",1,1,1,1,t,0.3106796116504854,0.3333333333333333,0,0,0,ragas-service:gemini,f,176,11,23091,COMPLETED,,2026-07-13 04:40:58.784687
MAIN_RAG_HIERARCHICAL_BGE_M3_V1,Q044,RAG,FULL_PIPELINE,HIERARCHICAL,BGE_M3,Triß║┐t hß╗ìc M├íc ─æß╗ïnh vß╗ï mß╗æi quan hß╗ç giß╗»a triß║┐t hß╗ìc v├á c├íc khoa hß╗ìc cß╗Ñ thß╗â nh╞░ thß║┐ n├áo?,"Triß║┐t hß╗ìc M├íc ─æ├│ng vai tr├▓ l├á Thß║┐ giß╗¢i quan v├á Ph╞░╞íng ph├íp luß║¡n cho c├íc khoa hß╗ìc cß╗Ñ thß╗â. Ng╞░ß╗úc lß║íi, c├íc khoa hß╗ìc cß╗Ñ thß╗â cung cß║Ñp c├íc chß║Ñt liß╗çu cß╗Ñ thß╗â ─æ╞░a ─æß║┐n sß╗▒ kh├íi qu├ít chung nhß║Ñt cho triß║┐t hß╗ìc.","Triß║┐t hß╗ìc M├íc ─æß╗ïnh vß╗ï mß╗æi quan hß╗ç giß╗»a triß║┐t hß╗ìc v├á c├íc khoa hß╗ìc cß╗Ñ thß╗â nh╞░ sau:
*   **Triß║┐t hß╗ìc** cung cß║Ñp thß║┐ giß╗¢i quan v├á ph╞░╞íng ph├íp luß║¡n kh├íi qu├ít chung nhß║Ñt.
*   **C├íc khoa hß╗ìc cß╗Ñ thß╗â** cung cß║Ñp chß║Ñt liß╗çu cß╗Ñ thß╗â, g├│p phß║ºn h├¼nh th├ánh thß║┐ giß╗¢i quan.

─Éiß╗üu n├áy ─æ╞░ß╗úc x├íc ─æß╗ïnh l├á thß╗▒c chß║Ñt cuß╗Öc c├ích mß║íng trong triß║┐t hß╗ìc do Marx v├á Engels thß╗▒c hiß╗çn.",1,1,1,1,t,0.396551724137931,0.8571428571428571,0.8378547253054122,0.99999999995,1,ragas-service:gemini,f,142,12,24580,COMPLETED,,2026-07-13 04:41:23.383549
MAIN_RAG_HIERARCHICAL_BGE_M3_V1,Q045,RAG,FULL_PIPELINE,HIERARCHICAL,BGE_M3,─Éß╗ïnh ngh─⌐a triß║┐t hß╗ìc theo quan ─æiß╗âm cß╗ºa M├íc - L├¬nin l├á g├¼?,"Triß║┐t hß╗ìc l├á hß╗ç thß╗æng c├íc quan ─æiß╗âm l├╜ luß║¡n chung nhß║Ñt vß╗ü thß║┐ giß╗¢i v├á vß╗ï tr├¡ cß╗ºa con ng╞░ß╗¥i trong thß║┐ giß╗¢i; l├á khoa hß╗ìc vß╗ü nhß╗»ng quy luß║¡t vß║¡n ─æß╗Öng, ph├ít triß╗ân chung nhß║Ñt cß╗ºa tß╗▒ nhi├¬n, x├ú hß╗Öi v├á t╞░ duy.","Theo quan ─æiß╗âm cß╗ºa M├íc - L├¬nin, triß║┐t hß╗ìc l├á khoa hß╗ìc vß╗ü nhß╗»ng quy luß║¡t vß║¡n ─æß╗Öng, ph├ít triß╗ân chung nhß║Ñt cß╗ºa tß╗▒ nhi├¬n, x├ú hß╗Öi v├á t╞░ duy.",1,1,1,1,t,0.6486486486486487,1,0.8398218695677596,0.999999999975,1,ragas-service:gemini,f,205,12,29118,COMPLETED,,2026-07-13 04:41:52.515118
MAIN_RAG_HIERARCHICAL_BGE_M3_V1,Q046,RAG,FULL_PIPELINE,HIERARCHICAL,BGE_M3,Nß╗Öi dung cß╗ºa vß║Ñn ─æß╗ü c╞í bß║ún cß╗ºa triß║┐t hß╗ìc bao gß╗ôm nhß╗»ng mß║╖t n├áo?,"Vß║Ñn ─æß╗ü c╞í bß║ún cß╗ºa triß║┐t hß╗ìc gß╗ôm 2 mß║╖t: Mß║╖t thß╗⌐ nhß║Ñt (Bß║ún thß╗â luß║¡n) trß║ú lß╗¥i c├óu hß╗Åi Vß║¡t chß║Ñt v├á ├╜ thß╗⌐c c├íi n├áo c├│ tr╞░ß╗¢c, c├íi n├áo quyß║┐t ─æß╗ïnh. Mß║╖t thß╗⌐ hai (Nhß║¡n thß╗⌐c luß║¡n) trß║ú lß╗¥i c├óu hß╗Åi Con ng╞░ß╗¥i c├│ nhß║¡n thß╗⌐c ─æ╞░ß╗úc thß║┐ giß╗¢i hay kh├┤ng.","Nß╗Öi dung cß╗ºa vß║Ñn ─æß╗ü c╞í bß║ún cß╗ºa triß║┐t hß╗ìc bao gß╗ôm hai mß║╖t:

1.  **Mß║╖t thß╗⌐ nhß║Ñt (Bß║ún thß╗â luß║¡n - Ontology)**: Mß╗æi quan hß╗ç giß╗»a vß║¡t chß║Ñt v├á ├╜ thß╗⌐c. Cß╗Ñ thß╗â l├á: c├íi n├áo c├│ tr╞░ß╗¢c, c├íi n├áo quyß║┐t ─æß╗ïnh? Mß║╖t n├áy chia c├íc nh├á triß║┐t hß╗ìc th├ánh chß╗º ngh─⌐a duy vß║¡t v├á chß╗º ngh─⌐a duy t├óm.
2.  **Mß║╖t thß╗⌐ hai (Nhß║¡n thß╗⌐c luß║¡n - Epistemology)**: Con ng╞░ß╗¥i c├│ nhß║¡n thß╗⌐c ─æ╞░ß╗úc thß║┐ giß╗¢i hay kh├┤ng? Mß║╖t n├áy chia ra thuyß║┐t c├│ thß╗â biß║┐t v├á thuyß║┐t kh├┤ng thß╗â biß║┐t.",1,1,1,1,t,0.4755244755244756,0.6363636363636364,0.8682826441381354,0.99999999995,0,ragas-service:gemini,f,178,13,25896,COMPLETED,,2026-07-13 04:42:18.427309
MAIN_RAG_HIERARCHICAL_BGE_M3_V1,Q047,RAG,FULL_PIPELINE,HIERARCHICAL,BGE_M3,Chß╗º ngh─⌐a duy vß║¡t v├á Chß╗º ngh─⌐a duy t├óm giß║úi quyß║┐t mß║╖t thß╗⌐ nhß║Ñt cß╗ºa vß║Ñn ─æß╗ü c╞í bß║ún triß║┐t hß╗ìc kh├íc nhau nh╞░ thß║┐ n├áo?,"Chß╗º ngh─⌐a duy vß║¡t cho rß║▒ng vß║¡t chß║Ñt c├│ tr╞░ß╗¢c, sinh ra v├á quyß║┐t ─æß╗ïnh ├╜ thß╗⌐c. Ng╞░ß╗úc lß║íi, Chß╗º ngh─⌐a duy t├óm cho rß║▒ng ├╜ thß╗⌐c c├│ tr╞░ß╗¢c, quyß║┐t ─æß╗ïnh vß║¡t chß║Ñt.","Chß╗º ngh─⌐a duy vß║¡t v├á Chß╗º ngh─⌐a duy t├óm giß║úi quyß║┐t mß║╖t thß╗⌐ nhß║Ñt cß╗ºa vß║Ñn ─æß╗ü c╞í bß║ún triß║┐t hß╗ìc (mß╗æi quan hß╗ç giß╗»a vß║¡t chß║Ñt v├á ├╜ thß╗⌐c, c├íi n├áo c├│ tr╞░ß╗¢c, c├íi n├áo quyß║┐t ─æß╗ïnh) kh├íc nhau nh╞░ sau:

*   **Chß╗º ngh─⌐a duy vß║¡t:** Khß║│ng ─æß╗ïnh vß║¡t chß║Ñt c├│ tr╞░ß╗¢c v├á quyß║┐t ─æß╗ïnh ├╜ thß╗⌐c (vß║¡t chß║Ñt ΓåÆ ├╜ thß╗⌐c).
*   **Chß╗º ngh─⌐a duy t├óm:** Khß║│ng ─æß╗ïnh ├╜ thß╗⌐c c├│ tr╞░ß╗¢c v├á quyß║┐t ─æß╗ïnh vß║¡t chß║Ñt (├╜ thß╗⌐c ΓåÆ vß║¡t chß║Ñt).",1,1,1,1,t,0.23008849557522124,1,0.838125794014278,0.9166666666361111,1,ragas-service:gemini,f,191,12,22842,COMPLETED,,2026-07-13 04:42:41.279587
MAIN_RAG_HIERARCHICAL_BGE_M3_V1,Q048,RAG,FULL_PIPELINE,HIERARCHICAL,BGE_M3,Sß╗▒ ─æß╗æi lß║¡p giß╗»a ph╞░╞íng ph├íp biß╗çn chß╗⌐ng v├á ph╞░╞íng ph├íp si├¬u h├¼nh biß╗âu hiß╗çn nh╞░ thß║┐ n├áo?,"Biß╗çn chß╗⌐ng xem x├⌐t sß╗▒ vß║¡t trong trß║íng th├íi li├¬n hß╗ç, r├áng buß╗Öc, ß║únh h╞░ß╗ƒng, quy ─æß╗ïnh lß║½n nhau v├á lu├┤n trong sß╗▒ vß║¡n ─æß╗Öng, ph├ít triß╗ân. Si├¬u h├¼nh xem x├⌐t sß╗▒ vß║¡t trong trß║íng th├íi c├┤ lß║¡p, t├ích rß╗¥i khß╗Åi c├íc quan hß╗ç kh├íc v├á trong trß║íng th├íi t─⌐nh, bß║Ñt biß║┐n.","Sß╗▒ ─æß╗æi lß║¡p giß╗»a ph╞░╞íng ph├íp biß╗çn chß╗⌐ng v├á ph╞░╞íng ph├íp si├¬u h├¼nh biß╗âu hiß╗çn ß╗ƒ c├íc ─æiß╗âm sau:

*   **Vß╗ü mß╗æi li├¬n hß╗ç:**
    *   **Biß╗çn chß╗⌐ng:** Coi c├íc sß╗▒ vß║¡t, hiß╗çn t╞░ß╗úng li├¬n hß╗ç, r├áng buß╗Öc, ß║únh h╞░ß╗ƒng v├á quy ─æß╗ïnh lß║½n nhau.
    *   **Si├¬u h├¼nh:** Coi c├íc sß╗▒ vß║¡t, hiß╗çn t╞░ß╗úng c├┤ lß║¡p, t├ích rß╗¥i khß╗Åi c├íc quan hß╗ç kh├íc.
*   **Vß╗ü trß║íng th├íi vß║¡n ─æß╗Öng:**
    *   **Biß╗çn chß╗⌐ng:** Coi c├íc sß╗▒ vß║¡t, hiß╗çn t╞░ß╗úng lu├┤n trong trß║íng th├íi vß║¡n ─æß╗Öng, ph├ít triß╗ân.
    *   **Si├¬u h├¼nh:** Coi c├íc sß╗▒ vß║¡t, hiß╗çn t╞░ß╗úng trong trß║íng th├íi t─⌐nh, bß║Ñt biß║┐n.",1,1,1,1,t,0.4931506849315068,1,0.8571876514672064,0.99999999995,1,ragas-service:gemini,f,164,12,22249,COMPLETED,,2026-07-13 04:43:03.537252
MAIN_RAG_HIERARCHICAL_BGE_M3_V1,Q049,RAG,FULL_PIPELINE,HIERARCHICAL,BGE_M3,Thuyß║┐t khß║ú tri (C├│ thß╗â biß║┐t) v├á Bß║Ñt khß║ú tri (Kh├┤ng thß╗â biß║┐t) ph├ón biß╗çt nhau dß╗▒a tr├¬n ti├¬u ch├¡ n├áo?,"Hai thuyß║┐t n├áy ph├ón biß╗çt nhau dß╗▒a tr├¬n c├ích trß║ú lß╗¥i mß║╖t thß╗⌐ hai cß╗ºa vß║Ñn ─æß╗ü c╞í bß║ún triß║┐t hß╗ìc. Thuyß║┐t Khß║ú tri cho rß║▒ng con ng╞░ß╗¥i c├│ thß╗â nhß║¡n thß╗⌐c ─æ╞░ß╗úc thß║┐ giß╗¢i, trong khi thuyß║┐t Bß║Ñt khß║ú tri cho rß║▒ng con ng╞░ß╗¥i kh├┤ng thß╗â nhß║¡n thß╗⌐c ─æ╞░ß╗úc thß║┐ giß╗¢i.","Thuyß║┐t khß║ú tri (c├│ thß╗â biß║┐t) v├á Thuyß║┐t bß║Ñt khß║ú tri (kh├┤ng thß╗â biß║┐t) ph├ón biß╗çt nhau dß╗▒a tr├¬n ti├¬u ch├¡ **con ng╞░ß╗¥i c├│ nhß║¡n thß╗⌐c ─æ╞░ß╗úc thß║┐ giß╗¢i hay kh├┤ng**.

*   **Thuyß║┐t khß║ú tri (c├│ thß╗â biß║┐t)** cho rß║▒ng con ng╞░ß╗¥i c├│ khß║ú n─âng nhß║¡n thß╗⌐c ─æ╞░ß╗úc thß║┐ giß╗¢i.
*   **Thuyß║┐t bß║Ñt khß║ú tri (kh├┤ng thß╗â biß║┐t)** cho rß║▒ng con ng╞░ß╗¥i kh├┤ng thß╗â nhß║¡n thß╗⌐c ─æ╞░ß╗úc thß║┐ giß╗¢i.",1,1,1,1,t,0.35294117647058826,1,0.8671647253853815,0.94999999997625,1,ragas-service:gemini,f,168,12,23792,COMPLETED,,2026-07-13 04:43:27.341968
MAIN_RAG_HIERARCHICAL_BGE_M3_V1,Q050,RAG,FULL_PIPELINE,HIERARCHICAL,BGE_M3,Hß║ít nh├ón l├╜ luß║¡n cß╗ºa thß║┐ giß╗¢i quan l├á g├¼ v├á vai tr├▓ cß╗ºa n├│?,"Triß║┐t hß╗ìc ch├¡nh l├á hß║ít nh├ón l├╜ luß║¡n cß╗ºa thß║┐ giß╗¢i quan. N├│ ─æ├│ng vai tr├▓ cß╗æt l├╡i, chi phß╗æi, ß║únh h╞░ß╗ƒng v├á quy ─æß╗ïnh c├íc thß║┐ giß╗¢i quan v├á quan niß╗çm kh├íc (nh╞░ t├┤n gi├ío, khoa hß╗ìc, huyß╗ün thoß║íi) trong viß╗çc ─æß╗ïnh h╞░ß╗¢ng cho nhß║¡n thß╗⌐c v├á hoß║ít ─æß╗Öng thß╗▒c tiß╗àn cß╗ºa con ng╞░ß╗¥i.","Hß║ít nh├ón l├╜ luß║¡n cß╗ºa thß║┐ giß╗¢i quan ch├¡nh l├á Triß║┐t hß╗ìc.

Vai tr├▓ cß╗ºa Triß║┐t hß╗ìc trong thß║┐ giß╗¢i quan:
*   ─É├│ng vai tr├▓ cß╗æt l├╡i trong c├íc thß║┐ giß╗¢i quan kh├íc.
*   ß║ónh h╞░ß╗ƒng, chi phß╗æi v├á quy ─æß╗ïnh c├íc thß║┐ giß╗¢i quan v├á quan niß╗çm kh├íc.
*   ─Éß╗ïnh h╞░ß╗¢ng cho nhß║¡n thß╗⌐c v├á hoß║ít ─æß╗Öng thß╗▒c tiß╗àn cß╗ºa con ng╞░ß╗¥i (v├¼ bß║ún th├ón Triß║┐t hß╗ìc l├á thß║┐ giß╗¢i quan).",1,1,1,1,t,0.6129032258064516,1,0.7674886494115963,0.99999999998,0.5,ragas-service:gemini,f,152,11,25539,COMPLETED,,2026-07-13 04:43:52.888062
